individual_id,sex,source,n_obs,start_date,end_date,duration_days,duration_years,mean_interval_hrs,median_interval_hrs,park_id,wdpa_pid,cluster_id,hr_mcp_area_km2,hr_locoh_area_km2,hr_diameter_km
0F08,M,EKZNW,3596,2017-10-28T12:00:00Z,2020-04-08T04:00:00Z,892.666666666667,2.44398813597992,5.95938803894298,4,,,kzn,333.486092380374,87.7744546297517,27.754895193177
1144898,U,CERU,1652,2020-12-01T15:00:00Z,2023-04-24T08:00:00Z,873.708333333333,2.39208304814054,12.7007874015748,12,Chobe,600,chobe,17082.6708499816,4944.30468542151,199.423123482184
1145028,U,CERU,1160,2020-11-30T22:00:00Z,2022-07-17T02:00:00Z,593.166666666667,1.62400182523386,12.2830025884383,12,Chobe,600,chobe,3334.04994390204,1312.40795333186,80.7310884540215
1145177,U,CERU,757,2020-12-01T02:00:00Z,2021-12-24T00:00:00Z,387.916666666667,1.06205795117499,12.3148148148148,12,Chobe,600,chobe,766.956806580906,128.060314527888,39.9096257898987
1168861,U,CERU,1617,2020-11-30T23:00:00Z,2023-03-13T13:00:00Z,832.583333333333,2.27948893451974,12.365099009901,12,Matetsi,2529,chobe,3258.78741274609,1019.52473090046,87.3408617047893
1183600,U,CERU,4241,2020-11-30T22:00:00Z,2022-12-21T11:00:00Z,750.541666666667,2.05487109285877,4.24834905660377,4,Chobe,600,chobe,3993.95908735915,693.585819827465,104.719948229209
1190825,U,CERU,6070,2020-10-29T00:01:00Z,2022-04-05T08:00:00Z,523.332638888889,1.43280667731386,2.06953094963476,2,Makgadikgadi Pans,1224,chobe,4277.64228538365,943.145871125449,118.112114658036
1401602,U,CERU,16250,2019-08-14T13:00:00Z,2024-08-21T01:00:00Z,1833.5,5.01984941820671,2.70810511416087,2,Hwange,1991,chobe,8371.79307987164,1550.90399172572,148.591881672927
1434200,U,CERU,18810,2019-08-12T13:00:00Z,2024-12-31T23:00:00Z,1968.41666666667,5.38923112023728,2.51166994523898,2,Okavango Delta,555577555,chobe,4945.81182338312,863.287982914627,96.6787046295112
1434239,U,CERU,20993,2019-08-10T13:00:00Z,2024-12-31T23:00:00Z,1970.41666666667,5.39470682181154,2.25276295731707,2,Okavango Delta,555577555,chobe,3601.94961484915,1050.04333930512,94.2801661218203
1434252_A,U,CERU,15299,2019-08-10T14:00:00Z,2021-11-23T02:30:00Z,835.520833333333,2.28753137120694,1.3107922604262,1,Okavango Delta,555577555,chobe,1843.25310265786,642.144347256177,56.1385266541294
1434252_B,U,CERU,15299,2019-08-10T14:00:00Z,2021-11-23T02:30:00Z,835.520833333333,2.28753137120694,1.3107922604262,1,Okavango Delta,555577555,chobe,595.023276498901,43.4790651085105,37.0487300850859
1434258,U,CERU,15993,2019-08-08T19:00:00Z,2024-02-14T06:00:00Z,1650.45833333333,4.5187086470454,2.47692596298149,2,Okavango Delta,555577555,chobe,9746.43051667887,1137.57816089774,148.204270502478
1434261,U,CERU,16523,2020-05-22T19:00:00Z,2024-11-02T12:00:00Z,1624.70833333333,4.44820898927675,2.36006536738894,2,Chobe,600,chobe,11755.2518896991,1605.77043405716,176.027167321776
1442046,U,CERU,10132,2019-08-29T17:00:00Z,2022-08-18T05:00:00Z,1084.5,2.96919917864476,2.56914421083802,2,Bwabwata,303692,chobe,444.597528123226,246.07527413842,28.047430501685
1442047,U,CERU,12047,2019-08-29T12:00:00Z,2023-02-27T11:00:00Z,1277.95833333333,3.49885922883869,2.54615640046488,2,Chobe,600,chobe,9000.34948129717,1426.62535975673,121.31185989093
1442053,U,CERU,17637,2019-08-29T12:00:00Z,2024-07-11T08:00:00Z,1777.83333333333,4.86744239105635,2.4193694715355,2,Chobe,600,chobe,2762.62030569736,709.31558135534,71.8353474937858
1442057,U,CERU,14198,2019-08-29T15:02:00Z,2023-08-06T19:00:00Z,1438.16527777778,3.93748193778995,2.43121551501491,2,Chobe,600,chobe,15958.1127830816,1362.39825873305,191.182850800528
2AAD,F,EKZNW,4400,2014-12-15T01:35:00Z,2017-11-16T09:04:00Z,1067.31180555556,2.92214046695566,5.82302417216034,4,,,kzn,308.295705006931,125.685525915206,25.5523728445019
3959,U,CERU,12597,2020-05-19T13:00:00Z,2023-05-13T09:10:00Z,1088.84027777778,2.98108221157503,2.07464009738541,2.03333333333333,Hwange,1991,chobe,14962.9048214513,1935.75388700691,187.102843189539
3961,U,CERU,13613,2020-05-19T20:25:00Z,2023-10-11T22:19:00Z,1240.07916666667,3.39515172256445,2.18644578313253,2.03333333333333,,,chobe,3197.41122627423,714.649218914691,87.1999029563544
3962,U,CERU,6912,2020-05-19T21:04:00Z,2022-03-19T10:24:00Z,668.555555555556,1.83040535401932,2.32170935224039,2.03333333333333,Chobe,600,chobe,7567.49830050505,904.20989438698,184.95997030962
3963,U,CERU,13584,2020-05-19T21:00:00Z,2023-10-08T18:14:00Z,1236.88472222222,3.38640581032778,2.18546958207563,2.03333333333333,Hwange,1991,chobe,1640.78621510209,532.900630297576,60.2367960919472
3964,U,CERU,9940,2020-05-19T15:00:00Z,2022-12-03T09:42:00Z,927.779166666667,2.5401209217431,2.24033604990442,2.05,Hwange,1991,chobe,3118.33178314104,275.714653715296,78.6436329972698
3965,U,CERU,12250,2020-05-19T22:00:00Z,2023-06-16T02:11:00Z,1122.17430555556,3.0723458057647,2.19872506599178,2.03333333333333,,,chobe,1586.04236842708,365.003345137017,52.1787872996533
3966,U,CERU,11610,2020-05-19T21:00:00Z,2023-04-24T10:52:00Z,1069.57777777778,2.92834436078789,2.21120395095759,2.05,,,chobe,983.18754370789,224.308102453607,42.9700945691196
3967,U,CERU,13758,2020-05-22T21:00:00Z,2023-11-03T09:06:00Z,1259.50416666667,3.44833447410449,2.19728865304936,2.03333333333333,Chobe,600,chobe,6460.52339352281,573.429498409207,118.368390067549
3968,U,CERU,11928,2020-05-22T21:00:00Z,2023-06-14T04:03:00Z,1117.29375,3.05898357289528,2.2482644420223,2.05,Chobe,600,chobe,3680.74708969111,320.366153577843,83.4133727832457
3969,U,CERU,14497,2020-05-22T21:00:00Z,2023-12-26T00:40:00Z,1312.15277777778,3.59247851547646,2.17243837380427,2.03333333333333,Chobe,600,chobe,1023.41347411754,252.451604535529,38.4594474913071
3970,U,CERU,11948,2020-05-22T21:00:00Z,2023-05-23T02:07:00Z,1095.21319444444,2.99853030648719,2.20014369018722,2.03333333333333,Okavango Delta,555577555,chobe,12745.6873019928,797.034085404467,232.826209679992
3971,U,CERU,7942,2020-08-30T21:00:00Z,2022-11-07T01:04:00Z,798.169444444445,2.18526884173701,2.41229903874407,1.03333333333333,Okavango Delta,555577555,chobe,1072.04211299111,77.6943968853741,48.7244509708382
3972,U,CERU,10885,2020-12-14T22:13:00Z,2023-06-28T18:13:00Z,925.833333333333,2.5347935204198,2.04152884968761,2.03333333333333,Makgadikgadi Pans,1224,chobe,8457.71753392227,1072.749269637,140.877449781995
3973,U,CERU,13651,2020-05-22T21:00:00Z,2023-10-20T16:32:00Z,1245.81388888889,3.41085253631455,2.190442002442,2.03333333333333,Chobe,600,chobe,3833.57402235497,412.345222005829,90.2621303745018
3991,U,CERU,4317,2020-08-11T03:07:00Z,2021-12-21T07:23:00Z,497.177777777778,1.36119857023348,2.76465863453815,2.03333333333333,Makgadikgadi Pans,1224,chobe,18099.2481285305,1232.94161063758,206.337108784483
3F6C,F,EKZNW,3800,2014-11-15T03:56:00Z,2017-01-23T17:40:00Z,800.572222222222,2.19184728876721,5.05757655523383,4,,,kzn,316.797262266082,120.025806077699,26.2404140037523
4064,U,Lapalala,4926,2020-07-14T15:12:02Z,2022-08-19T08:00:50Z,765.700555555556,2.09637386873527,3.73133265651438,1.99333333333333,,,limpopo,324.794654145283,96.0594992184112,23.4615400005679
4065,U,Lapalala,5812,2020-07-14T15:10:50Z,2022-09-27T04:04:56Z,804.537569444445,2.20270381778082,3.32281907875868,1.065,,,limpopo,349.286927012119,81.9833025803414,24.6221450557567
429C,M,EKZNW,19080,2018-07-05T00:00:00Z,2023-04-03T03:03:00Z,1733.12708333333,4.74504334930413,2.18014833062529,1.01666666666667,,,kzn,277.836631834393,61.1686517780191,23.1063623104797
4522,M,EKZNW,14430,2021-01-21T14:51:00Z,2023-04-03T04:43:00Z,801.577777777778,2.19460034983649,1.33327788943563,1,,,kzn,325.178494497278,71.0098887261195,27.3388222078402
4523,M,EKZNW,14770,2021-01-21T14:52:00Z,2023-04-03T02:38:00Z,801.490277777778,2.19436078789262,1.30244205204595,1,,,kzn,312.342734247666,60.0769610771234,25.8400112424575
474E,F,EKZNW,21304,2017-10-28T12:00:00Z,2023-04-03T05:27:00Z,1982.72708333333,5.4284109057723,2.23374407360466,1.01666666666667,,,kzn,323.773080982866,102.018655185062,26.2633459070919
5374,U,Lapalala,2344,2021-11-24T03:13:57Z,2023-02-15T00:28:53Z,447.88537037037,1.22624331381347,4.58781429316641,1.00611111111111,,,limpopo,156.579899252778,53.997823577572,18.7474204431265
5375,U,Lapalala,14308,2021-11-23T09:08:31Z,2024-03-14T05:00:28Z,841.827743055556,2.30479874895429,1.41216648027772,0.999722222222222,,,limpopo,249.630046623585,81.5035341772673,21.181761483948
5739,F,CERU,22018,2022-06-25T18:10:00Z,2025-01-31T22:44:00Z,951.190277777778,2.60421705072629,1.03686091050855,1,Kasungu National Park,780,luangwa,577.892540920708,205.243716046631,33.6865615109253
5740,F,CERU,21825,2022-06-26T07:00:00Z,2024-12-24T00:34:00Z,911.731944444445,2.4961860217507,1.0026377688172,1,Kasungu National Park,780,luangwa,557.992104965935,206.200944323368,32.9306603906294
5741,F,CERU,22542,2022-06-26T06:44:00Z,2025-01-31T22:01:00Z,950.636805555556,2.60270172636702,1.01216819721101,1,Kasungu National Park,780,luangwa,567.673915122994,212.884886998359,33.4772239572589
5742,F,CERU,21095,2022-06-26T06:40:00Z,2025-01-28T12:32:00Z,947.244444444445,2.59341394782873,1.0777409057868,1,Kasungu National Park,780,luangwa,551.8261079328,204.946664279868,33.3721673889588
5743,M,CERU,21511,2022-06-26T15:47:00Z,2025-01-24T11:35:00Z,942.825,2.58131416837782,1.05196652719665,1,Kasungu National Park,780,luangwa,949.009107621635,270.642171917668,44.7862736762751
5744,F,CERU,22247,2022-07-04T15:48:00Z,2025-01-31T22:44:00Z,942.288888888889,2.57984637615028,1.01658425484731,1,Kasungu National Park,780,luangwa,1989.51139093639,388.450637001126,72.5329371313107
5745,F,CERU,22388,2022-07-04T15:38:00Z,2025-01-31T22:00:00Z,942.265277777778,2.57978173245114,1.01015619183752,1,Kasungu National Park,780,luangwa,1404.39144213189,400.540168501062,56.4684542202286
5746,F,CERU,21735,2022-07-07T09:55:00Z,2025-01-31T22:03:00Z,939.505555555556,2.57222602479276,1.03745897365112,1,Kasungu National Park,780,luangwa,1866.70499240376,280.254522514561,75.5407292198508
5747,F,CERU,22279,2022-07-06T13:34:00Z,2025-01-31T23:17:00Z,940.404861111111,2.57468818921591,1.01309438309842,1,Kasungu National Park,780,luangwa,5655.8672329577,346.735298546833,139.084261405633
5748,M,CERU,22288,2022-07-09T11:26:00Z,2025-01-31T22:07:00Z,937.445138888889,2.56658491140011,1.00949806314593,1,Kasungu National Park,780,luangwa,1964.96127088239,529.238359788909,59.7183082575546
5749,M,CERU,22484,2022-07-09T17:27:00Z,2025-01-31T23:22:00Z,937.246527777778,2.56604114381322,1.00048555204673,1,Kasungu National Park,780,luangwa,2443.3026729683,509.272425738399,68.1178063502526
5750,F,CERU,20369,2022-07-26T08:19:00Z,2025-01-31T21:53:00Z,920.565277777778,2.52037037037037,1.0847194946321,1,Kasungu National Park,780,luangwa,2626.0809322454,471.202103765137,86.0045628432933
5751,F,CERU,19966,2022-07-14T12:33:00Z,2025-01-28T09:27:00Z,928.870833333333,2.54310974218572,1.11659904833459,1,Kasungu National Park,780,luangwa,1282.31578720081,363.204339566121,47.8807449251443
5752,F,CERU,21495,2022-07-11T13:35:00Z,2025-01-31T18:55:00Z,935.222222222222,2.56049889725454,1.04426041375888,1,Kasungu National Park,780,luangwa,1021.27424168603,268.57052725815,45.1641478016684
5753,F,CERU,14781,2022-07-14T04:33:00Z,2024-08-11T20:38:00Z,759.670138888889,2.0798634877177,1.23356450157871,1,Kasungu National Park,780,luangwa,1294.18430510524,282.401337338642,51.2615793984901
5754,F,CERU,20823,2022-07-14T12:24:00Z,2025-01-31T22:16:00Z,932.411111111111,2.55280249448627,1.0747222489034,1,Kasungu National Park,780,luangwa,1248.1829774309,382.55834265677,48.315833167116
5755,F,CERU,21301,2022-07-16T18:08:00Z,2025-01-31T21:59:00Z,930.160416666667,2.54664042892996,1.04806807511737,1,Kasungu National Park,780,luangwa,1067.44565604402,407.69920345186,41.6581949209047
5756,F,CERU,21398,2022-07-28T18:51:00Z,2025-01-31T23:25:00Z,918.190277777778,2.51386797475093,1.02989048308953,1,Kasungu National Park,780,luangwa,5761.88689423831,368.391556002647,135.551966048333
5757,F,CERU,21211,2022-07-16T06:38:00Z,2025-01-31T23:40:00Z,930.709722222222,2.54814434557761,1.05313688511708,1,Kasungu National Park,780,luangwa,1037.4997373431,344.496895458817,42.0666657315667
5773,F,CERU,21215,2022-07-28T17:53:00Z,2025-01-31T23:36:00Z,918.238194444444,2.51399916343448,1.03882891801012,1,Kasungu National Park,780,luangwa,1360.86149209023,215.354507959861,58.7696192753073
5774,F,CERU,20924,2022-07-21T12:47:00Z,2025-01-31T21:59:00Z,925.383333333333,2.53356148756559,1.0614730201214,1,Kasungu National Park,780,luangwa,1506.90479271839,306.879692673493,58.112076602629
5775,F,CERU,21451,2022-07-21T00:11:00Z,2025-01-31T23:36:00Z,925.975694444445,2.53518328389992,1.03605672105672,1,Kasungu National Park,780,luangwa,1494.45235785018,297.499333499326,58.2856213281209
5777,F,CERU,20369,2022-07-24T15:13:00Z,2025-01-31T21:52:00Z,922.277083333333,2.52505703855807,1.08673654752553,1,Kasungu National Park,780,luangwa,1218.83133695519,405.919014678979,45.0476214742177
5778,F,CERU,20856,2022-07-21T12:20:00Z,2025-01-31T23:03:00Z,925.446527777778,2.53373450452506,1.06500679293535,1,Kasungu National Park,780,luangwa,1174.15515402041,297.064236939863,53.4037654281794
5779,M,CERU,20747,2022-08-01T04:07:00Z,2025-01-31T23:13:00Z,914.795833333333,2.50457449235683,1.0582811144317,1,Kasungu National Park,780,luangwa,1256.16954923229,439.462902692807,50.1560004752429
5780,M,CERU,20262,2022-08-01T04:58:00Z,2025-01-31T23:45:00Z,914.782638888889,2.50453836793673,1.08359821002583,1,Kasungu National Park,780,luangwa,2619.01758139565,604.767734311893,89.0519899637734
5781,F,CERU,20041,2022-08-01T05:08:00Z,2025-01-31T21:22:00Z,914.676388888889,2.50424747129059,1.09542082501663,1,Kasungu National Park,780,luangwa,2544.89386200911,583.506839215246,86.4571340147615
5782,M,CERU,20483,2022-08-01T05:05:00Z,2025-01-31T22:23:00Z,914.720833333333,2.5043691535478,1.07183380529245,1,Kasungu National Park,780,luangwa,2488.61527072051,581.655063694823,73.4152863866868
623B,M,EKZNW,6608,2015-04-17T17:55:00Z,2018-07-10T11:45:00Z,1179.74305555556,3.22996045326641,4.28542959487412,4,,,kzn,279.627324218952,82.7857963055798,23.1291240434968
62C4,F,EKZNW,17175,2018-07-05T01:00:00Z,2023-04-03T05:30:00Z,1733.1875,4.74520876112252,2.42206241993711,1.01666666666667,,,kzn,330.284349548369,81.9430651274482,27.603726133251
62DB,M,EKZNW,18030,2018-07-05T02:00:00Z,2023-04-03T05:00:00Z,1733.125,4.74503764544832,2.30711631260747,1,,,kzn,340.624994079752,79.607534346719,27.6793072574757
6A45,F,EKZNW,6094,2015-04-17T18:00:00Z,2018-07-05T07:45:00Z,1174.57291666667,3.21580538443988,4.62657968160184,4,,,kzn,310.919948376037,102.688526470759,25.4786125066481
7842,U,Lapalala,13713,2023-10-25T07:03:57Z,2025-05-22T09:53:18Z,575.117604166667,1.57458618526124,1.00662357788798,1.00583333333333,,,limpopo,221.642901343411,60.6966987004283,21.5105654300378
7E76,M,EKZNW,4059,2014-11-21T05:17:00Z,2017-11-16T15:26:00Z,1091.42291666667,2.98815309148985,6.4549408575653,4,,,kzn,314.425491088005,115.753408006869,25.8272987771658
8A6D,M,EKZNW,5817,2015-04-17T17:57:00Z,2018-07-11T23:49:00Z,1181.24444444444,3.23407103201764,4.87446125630445,4,,,kzn,332.246288821246,106.274535112735,27.7724116301483
90A0,F,EKZNW,15113,2019-11-12T04:00:00Z,2023-04-03T05:00:00Z,1238.04166666667,3.38957335158567,1.96618581259926,1,,,kzn,317.488434199427,93.5917036586005,25.7720321755608
91EF,F,EKZNW,4976,2014-12-15T07:22:00Z,2017-11-16T14:51:00Z,1067.31180555556,2.92214046695566,5.14884087102178,4,,,kzn,305.684025941082,121.282662397845,25.4552136973887
98AA,M,EKZNW,13003,2019-11-12T03:00:00Z,2023-04-03T05:00:00Z,1238.08333333333,3.3896874287018,2.2853407168128,1,,,kzn,312.439451510013,59.0627667235522,26.2171416238761
9E6F,F,EKZNW,20458,2018-07-05T01:00:00Z,2023-04-03T05:17:00Z,1733.17847222222,4.74518404441402,2.03335207182546,1.01666666666667,,,kzn,322.569149562544,108.551432957763,25.9721393688184
A6A8,M,EKZNW,2015,2014-12-15T02:02:00Z,2016-04-16T02:26:00Z,488.016666666667,1.33611681496692,5.8154915590864,4,,,kzn,264.836536975694,71.4205270377731,22.9977641564893
A6C0,F,EKZNW,2087,2018-07-11T19:00:00Z,2019-12-03T04:00:00Z,509.375,1.39459274469541,5.86049856184084,4,,,kzn,320.990327118213,98.6752325120017,26.5273485951662
Agnes,F,EA,12557,2009-10-11T06:17:06Z,2017-11-15T19:29:41Z,2957.55040509259,8.09733170456562,5.65317057360801,4.00138888888889,Kruger National Park,873,limpopo,945.386977702682,484.537032479401,41.6334524170365
BDDF,F,EKZNW,20780,2018-03-09T15:01:00Z,2023-04-03T04:29:00Z,1850.56111111111,5.06656019469161,2.13742079342926,1.01666666666667,,,kzn,331.474927788241,105.526918827569,26.6805359296968
Bambuti,M,EA,29626,2018-08-08T09:00:09Z,2021-12-30T23:00:10Z,1240.58334490741,3.39653208735772,1.00502954524144,1,Umbabat Private Nature Reserve,555564082,limpopo,838.956620258003,150.983112158953,39.947571732683
Batsha,M,EA,38027,2015-07-27T23:32:50Z,2021-10-05T21:00:24Z,2261.89414351852,6.19272866124167,1.42758795151855,1,Kruger National Park,873,limpopo,735.214577558708,148.183017298696,39.0823755563857
Big Al (Alex),M,EA,24603,2008-05-27T14:00:27Z,2014-06-10T21:00:50Z,2205.29193287037,6.03776025426522,2.15132941992069,1.00388888888889,Kruger National Park,873,limpopo,4013.44070267766,659.3773173913,101.982901015424
Bvekenya,M,EA,1003,2009-07-19T07:18:57Z,2012-03-13T08:48:26Z,968.062141203704,2.65040969528735,23.1871171545797,8,Limpopo,20295,limpopo,4975.71299303171,1049.61332782263,144.813971909346
CE22,F,EKZNW,6599,2015-04-17T18:02:00Z,2018-07-10T07:45:00Z,1179.57152777778,3.229490835805,4.2906512074366,4,,,kzn,304.562835174403,122.310530378636,25.3609413433226
Classic,M,EA,91388,2008-01-01T00:00:26Z,2021-12-30T16:00:36Z,5112.66678240741,13.9977187745583,1.3426855327101,1,Timbavati Private Nature Reserve,555564070,limpopo,850.992411868504,325.126692357916,37.8582527269854
Colleen,F,EA,4215,2009-10-10T20:54:40Z,2013-05-28T08:54:28Z,1325.49986111111,3.62902083808655,7.54912118335706,7.99833333333333,Kruger National Park,873,limpopo,717.753557992146,296.56017734782,37.8096119645268
Diney,F,EA,20587,2008-01-01T00:00:50Z,2013-03-06T00:00:50Z,1891,5.1772758384668,2.20460507140775,1.00083333333333,Kruger National Park,873,limpopo,860.90051682299,286.208273571036,39.4801988624622
E371,M,EKZNW,21632,2017-10-28T12:00:00Z,2023-04-03T03:31:00Z,1982.64652777778,5.42819035668112,2.19978348974466,1.01666666666667,,,kzn,314.942089469103,89.9907341543015,26.5955760924094
EF0012,F,CERU,680,2000-09-26T00:15:00Z,2002-10-13T03:08:00Z,747.120138888889,2.04550346033919,26.4077810505646,6.05,Maputo,4652,kzn,454.13405869162,209.877028357678,37.0797391804032
EF0013,F,CERU,1072,2000-09-25T16:23:00Z,2002-09-22T02:57:00Z,726.440277777778,1.98888508631835,16.2787737317149,4.26666666666667,Maputo,4652,kzn,362.976234221113,179.940725120064,27.4673706932892
EF0016,F,CERU,1071,2000-09-22T11:48:00Z,2002-09-28T02:16:00Z,735.602777777778,2.01397064415545,16.4995015576324,4.35,Tembe Elephant Park,39758,kzn,99.8481569386997,66.0738445828005,16.0164476771981
EF0017,F,CERU,1284,2000-09-28T15:14:00Z,2002-12-06T22:00:00Z,799.281944444445,2.1883147007377,14.9514938945181,3.65,Tembe Elephant Park,39758,kzn,110.693063822086,69.5437226270388,15.8265758170752
EF0018,F,CERU,601,2000-09-28T15:14:00Z,2002-10-16T03:36:00Z,747.515277777778,2.04658529165716,29.9006111111111,6.89166666666667,Tembe Elephant Park,39758,kzn,74.009409720499,58.9478268885304,13.4214074884737
EF0039,F,CERU,2330,2003-10-24T17:00:05Z,2006-10-31T23:40:26Z,1103.27802083333,3.02061059776409,11.3691165736368,8.00027777777778,Okavango Delta,555577555,chobe,2841.22395786574,1064.44067664976,75.1817215514037
EF0040,F,CERU,754,2004-11-06T16:05:30Z,2006-07-29T10:07:11Z,629.751168981481,1.72416473369331,20.0717504057843,12.1027777777778,Okavango Delta,555577555,chobe,4351.1183249312,2609.699857884,86.349454921236
EF0041,F,CERU,830,2004-11-06T16:07:20Z,2006-09-12T08:20:46Z,674.67599537037,1.8471622049839,19.5322362954028,12.0416666666667,Okavango Delta,555577555,chobe,6092.04313014488,1937.06221429236,113.020216899528
EF0043,F,CERU,1163,2004-11-06T16:28:05Z,2006-10-31T23:23:26Z,724.2884375,1.98299366872005,14.9594858003442,12,Okavango Delta,555577555,chobe,4116.51439936617,1264.5450410556,92.4747724818851
EF0044,F,CERU,903,2002-11-25T18:42:35Z,2004-03-30T20:59:30Z,491.095081018519,1.34454505412325,13.0668314239961,8.00027777777778,Etosha,884,,5651.50942859107,1053.43234861243,171.317436541944
EF0045,F,CERU,895,2002-11-27T19:21:50Z,2004-03-17T16:46:35Z,475.8921875,1.30292180013689,12.7756291946309,8.00027777777778,Etosha,884,,4550.60934123251,1207.74136473832,97.9435360326667
EF0046,F,CERU,1102,2002-11-28T18:47:58Z,2004-09-10T03:14:58Z,651.352083333333,1.7833048140543,14.1984105358765,8.00972222222222,Etosha,884,,5849.64513031374,904.96883288132,101.835763703734
EF0047,F,CERU,618,2002-11-26T18:37:35Z,2004-01-22T02:20:06Z,421.32119212963,1.15351455750754,16.388506663065,8.00138888888889,Etosha,884,,2492.19488563171,317.787317890096,105.154608513658
EF0048,F,CERU,1010,2002-11-26T03:19:40Z,2004-08-22T21:07:35Z,635.741608796296,1.74056566405557,15.1217032815769,8.00833333333333,Etosha,884,,4254.61952141078,879.923474573855,100.61122775132
EF0049,F,CERU,1052,2002-11-26T17:26:05Z,2004-10-22T12:09:05Z,695.779861111111,1.90494144041372,15.8884078655249,8.00972222222222,Etosha,884,,2325.79977997633,654.540058027493,66.9537373030301
EF0050,F,CERU,1043,2003-05-21T13:50:05Z,2005-03-31T12:08:35Z,679.929513888889,1.86154555479504,15.6605646193218,16,Kafue,1085,kafue,299.796784935932,163.982197294677,26.5789544992986
EF0052,F,CERU,952,2003-05-22T12:53:35Z,2005-02-14T22:09:35Z,634.386111111111,1.73685451365123,16.009744128987,10.5472222222222,Kafue,1085,kafue,470.997293930523,243.539869358871,33.3843563599127
EF0054,F,CERU,802,2003-05-22T00:04:05Z,2005-03-16T08:09:00Z,664.336747685185,1.81885488757066,19.905220904425,8.00138888888889,Kafue,1085,kafue,954.99330847065,354.998509300497,48.736431596134
EF0057,F,CERU,1068,2003-05-21T17:55:03Z,2005-06-03T13:12:52Z,743.804039351852,2.0364244746115,16.7303626470895,17.5694444444444,Kafue,1085,kafue,499.928825061603,230.435028774754,30.2998807499846
EF0060,F,CERU,1159,2002-09-25T12:50:01Z,2004-06-02T11:51:15Z,615.959189814815,1.68640435267574,12.7659935712915,8.00416666666667,Limpopo,20295,limpopo,303.768947781966,184.588693278016,32.1252298932341
EF0061,F,CERU,1298,2003-09-03T14:01:35Z,2006-10-28T09:25:12Z,1150.80806712963,3.15074077242883,21.2948293069477,23.9972222222222,Limpopo,20295,limpopo,1176.60818470813,540.33651224894,44.7086194830996
EF0067,F,CERU,2434,2004-08-06T16:33:00Z,2008-01-30T13:02:53Z,1271.85408564815,3.48214670950896,12.5460329040508,12,Kasungu National Park,780,luangwa,387.272381842159,193.708578655787,24.4021110698763
EF0068,F,CERU,2695,2004-08-06T16:32:59Z,2008-09-02T11:03:18Z,1487.77105324074,4.07329514918752,13.2540851068217,12,Kasungu National Park,780,luangwa,450.174608998376,214.227486700924,26.9405340994451
EF0069,F,CERU,951,2004-08-17T20:59:29Z,2006-08-09T23:13:58Z,722.093391203704,1.97698395948995,18.2423593567251,12.0041666666667,Lower Zambezi,7962,zambezi,883.79471442742,240.649995692606,68.5388980479288
EF0070,F,CERU,982,2004-08-06T16:57:36Z,2006-08-09T14:18:02Z,732.889189814815,2.0065412452151,17.9300107599955,12.0083333333333,Lower Zambezi,7962,zambezi,386.650403963165,166.436904709476,47.616639444561
EF0071,F,CERU,1036,2004-08-06T16:31:18Z,2006-08-09T23:05:28Z,733.273726851852,2.00759405024463,17.0034487385937,12.0386111111111,Lower Zambezi,7962,zambezi,1433.53174072993,199.166516969459,98.9410374561643
EF0072,F,CERU,1087,2004-08-05T16:22:05Z,2006-08-09T23:34:01Z,734.299953703704,2.01040370623875,16.2276232862697,12.0011111111111,Lower Zambezi,7962,zambezi,507.756208182013,172.952150290543,46.4280276288205
EF0074,F,CERU,1006,2004-08-06T16:29:05Z,2006-08-09T23:38:57Z,733.298518518519,2.00766192612873,17.5116064123825,12.0083333333333,Lower Zambezi,7962,zambezi,1379.40231738085,337.716111873294,65.166863817408
EF0075,F,CERU,908,2004-08-06T16:28:36Z,2007-09-20T13:29:40Z,1139.87574074074,3.12080969401982,30.162092368002,12.0805555555556,North Luangwa,1088,luangwa,568.273161859753,242.729356351119,36.6781049996259
EF0076,F,CERU,2478,2004-08-05T16:32:35Z,2007-09-19T23:02:49Z,1140.27099537037,3.12189184221867,11.0482454133585,11.9597222222222,North Luangwa,1088,luangwa,332.224611096359,148.778685790416,25.3763201123015
EF0077,F,CERU,2468,2004-08-06T16:29:04Z,2007-09-21T23:37:26Z,1141.29747685185,3.12470219535072,11.1030155834797,11.9222222222222,North Luangwa,1088,luangwa,851.957905591141,212.945868594743,38.663114739585
EF0081,F,CERU,2262,2004-08-09T16:30:33Z,2008-06-12T14:37:16Z,1402.92133101852,3.84098927041347,14.8916903779055,12.0002777777778,Vwaza Marsh Wildlife Reserve,4648,luangwa,725.518398822334,247.400970949733,39.2962533999995
EF0083,F,CERU,2447,2004-08-13T18:30:04Z,2007-12-26T15:25:17Z,1229.87167824074,3.36720514234289,12.0674244798764,11.9986111111111,Vwaza Marsh Wildlife Reserve,4648,luangwa,913.1737988265,280.333196018263,42.8123754943605
EF0084,F,CERU,758,2004-11-06T12:56:33Z,2006-11-04T13:35:26Z,728.027002314815,1.99322930134104,23.0814373257009,22.5,Khaudum,17999,chobe,1719.57106602644,641.900077094798,79.6244041123204
EF0085,F,CERU,1234,2004-11-06T12:55:58Z,2006-11-04T23:37:25Z,728.445451388889,1.99437495246787,14.1789868883482,12,Khaudum,17999,chobe,2232.64225709616,846.22141469098,97.5461029821
EF0086,F,CERU,1231,2004-11-06T12:56:58Z,2006-11-04T12:37:25Z,727.986423611111,1.99311820290516,14.2046131436314,12,Khaudum,17999,chobe,1319.98851245858,558.339578658812,50.6038974792561
EF0087,F,CERU,1171,2004-11-07T12:36:35Z,2006-11-03T23:43:12Z,726.462928240741,1.9889470999062,14.9018036562203,12,Khaudum,17999,chobe,2328.33008478321,935.508980408626,100.388456665529
EF0088,F,CERU,1182,2004-11-06T12:35:55Z,2006-11-03T23:34:52Z,727.457604166667,1.99167037417294,14.7832197290432,12,Khaudum,17999,chobe,2664.58241343221,726.295972240144,90.6168869835476
EF0089,F,CERU,1264,2004-11-06T12:35:35Z,2006-11-04T23:41:26Z,728.462395833333,1.99442134382843,13.8425158353127,12,Khaudum,17999,chobe,4494.65193152301,1498.13602328012,115.742938191602
EF0090,F,CERU,2640,2004-10-12T08:40:58Z,2008-07-16T16:37:11Z,1373.33070601852,3.75997455446549,12.4895554924003,12,Munyamadzi,4104,luangwa,645.406679058069,346.641184765094,33.1697287993069
EF0091,F,CERU,925,2004-10-11T08:11:04Z,2006-12-12T18:39:59Z,792.436747685185,2.16957357340229,20.5827726671477,12.1020833333333,Munyamadzi,4104,luangwa,1114.54101575903,437.533703086838,57.7501564131871
EF0092,F,CERU,2552,2004-10-13T08:14:04Z,2008-08-01T14:17:08Z,1388.25212962963,3.8008271858443,13.0607805217997,12,Lupande,4100,luangwa,320.552718464171,162.859146063114,24.8837911693108
EF0094,F,CERU,2794,2004-10-11T08:30:34Z,2008-10-22T16:27:43Z,1472.33135416667,4.03102355692448,12.651612065879,12,Munyamadzi,4104,luangwa,2326.68007035112,518.606665365389,107.020754556624
EF0095,F,CERU,2072,2006-04-11T16:49:21Z,2009-02-07T23:52:22Z,1033.29376157407,2.82900413846427,11.9744327753635,12,South Luangwa,1086,luangwa,1087.86907090903,418.426087122884,55.3759310371973
EF0096,F,CERU,2926,2006-04-11T16:56:56Z,2010-01-23T16:42:18Z,1382.98983796296,3.7864198164626,11.3476089268756,12,South Luangwa,1086,luangwa,1167.92942452934,528.826705642492,45.776596905484
EF0097,F,CERU,1473,2006-04-11T17:16:52Z,2008-02-12T06:15:52Z,671.540972222222,1.83857897939007,10.9490375905797,12,Lupande,4100,luangwa,1167.52895024391,258.620712366105,59.5814754145828
EF0098,F,CERU,3074,2006-11-04T17:14:23Z,2010-03-22T19:15:31Z,1234.08412037037,3.37873818034325,9.63814477347507,11.9991666666667,Luengue-Luiana National Park,4493,chobe,8857.13773358019,2424.27694387941,137.849856340124
EF0099,F,CERU,1603,2006-11-04T21:48:26Z,2010-01-20T15:02:38Z,1172.71819444444,3.21072743174386,17.5688119017894,12.0166666666667,Mudumu,30051,chobe,3746.15124887206,1100.71819392141,99.3385736762615
EF0104,F,CERU,2033,2007-10-28T16:32:12Z,2010-07-20T12:05:24Z,995.814722222222,2.72639212107385,11.7615912073491,12.0002777777778,Nacumua,555697581,,1281.45908220405,442.921045060048,45.8377497457694
EF0105,F,CERU,1613,2007-10-28T19:05:12Z,2011-02-21T11:40:37Z,1211.69126157407,3.31742987426167,18.0400684105321,12.0041666666667,Nacumua,555697581,,1022.99287692086,418.541436394549,40.3423660042415
EF0108,F,CERU,1270,2007-10-28T13:15:22Z,2009-07-21T23:26:13Z,632.424201388889,1.73148309757396,11.9607413974258,12.0002777777778,Nipepe,555697583,,609.953370626629,296.560336115047,32.7433930418102
EF0109,F,CERU,1054,2007-10-27T18:55:52Z,2009-04-06T21:18:58Z,527.099375,1.44311943874059,12.013660968661,12.0002777777778,Nungo,555697584,,1594.99977816522,525.702020494977,56.4170690995184
EF0110,F,CERU,1351,2007-11-13T10:31:51Z,2011-01-02T10:41:58Z,1146.00702546296,3.13759623672269,20.3734582304527,12.0044444444444,Kruger National Park,873,limpopo,1366.63560030813,253.396368260619,56.6586811836689
EF0117,F,CERU,2264,2008-11-10T07:15:34Z,2012-01-03T17:58:46Z,1149.44666666667,3.1470134610997,12.1903314184711,12,Quirimbas,9035_A,,596.778384495232,275.161768310392,32.1151759513105
EF0118,F,CERU,1467,2008-11-10T09:58:04Z,2010-10-30T13:23:29Z,719.142650462963,1.96890527163029,11.7731402531454,12,Quirimbas,9035_A,,590.574488763352,214.784041168338,32.6761218214763
EF0126,F,CERU,1122,2002-08-16T02:07:35Z,2003-08-22T03:10:51Z,371.043935185185,1.01586293000735,7.94384874615918,1.19694444444444,Chobe,600,chobe,1537.0505560238,607.167489040087,49.9689326094188
EF0127,F,CERU,3284,2001-08-12T14:45:06Z,2004-04-10T03:00:36Z,971.510763888889,2.6598515096205,7.10211950451823,1.5,Chobe,600,chobe,1781.77774839054,854.495175156667,55.6186890642798
EF0128,F,CERU,3234,2001-08-12T14:42:22Z,2004-04-10T01:19:30Z,971.442453703704,2.65966448652623,7.21145032133897,1.61833333333333,Chobe,600,chobe,1459.48286966194,553.152674059076,54.907951078346
EF0130,F,CERU,850,2003-03-19T03:29:55Z,2004-04-10T03:00:24Z,387.979502314815,1.06222998580374,10.9676184399948,1.5225,Okavango Delta,555577555,chobe,5622.23511142891,1161.47518452976,114.584547736688
EF0131,F,CERU,609,2003-03-20T00:00:17Z,2004-04-10T03:00:24Z,387.125081018519,1.05989070778513,15.2812531980994,1.94,Okavango Delta,555577555,chobe,3093.32074189269,772.421064409795,96.8338969208769
EF0132,F,CERU,922,2003-08-10T05:18:30Z,2004-11-29T13:18:20Z,477.333217592593,1.30686712551018,12.4386506213053,12,Bwabwata,303692,chobe,2572.09724206416,812.307137062534,104.715174241425
EF0133,F,CERU,1467,2003-07-30T00:54:05Z,2005-09-05T19:05:34Z,768.757974537037,2.10474462570031,12.5853965817796,12,Nxai Pan,601,chobe,13387.3142427922,2836.55723610828,175.321829468572
EF0142,F,CERU,14885,2005-10-29T22:51:00Z,2007-07-14T00:58:00Z,622.088194444444,1.70318465282531,1.00309840544656,1,Chobe,600,chobe,6276.24652429404,720.22767501637,101.536245466569
EF0143,F,CERU,12381,2005-10-29T22:11:42Z,2007-07-19T21:27:05Z,627.969016203704,1.71928546530788,1.21738743044337,0.999444444444445,Chobe,600,chobe,8539.86446924907,920.558840295251,152.417055562574
EF0146,F,CERU,2061,2004-07-10T16:28:48Z,2007-08-21T16:29:13Z,1137.00028935185,3.1129371371714,13.2466053128371,12,Hwange,1991,chobe,1831.67445284544,804.186365595886,60.784448401301
EF0148,F,CERU,1322,2005-07-16T20:00:43Z,2007-06-05T07:33:41Z,688.481226851852,1.88495886886202,12.5083644545378,12,Luengue-Luiana National Park,4493,chobe,8782.04520917526,2042.27660082028,128.682434129978
EF0151,F,CERU,1375,2004-07-10T18:46:34Z,2006-07-07T16:04:01Z,726.887118055556,1.99010846832459,12.696718219311,12,Hwange,1991,chobe,5388.95861102217,1231.20340687175,143.970134718092
EF0153,F,CERU,1841,2006-08-16T14:55:52Z,2008-06-14T08:59:58Z,667.752847222222,1.82820765837706,8.70981974637681,11.9216666666667,Sioma Ngwezi,1087,chobe,3393.90808636441,1623.37686564343,81.3739945872785
EF0154,F,CERU,671,2006-08-16T13:43:01Z,2007-11-14T11:49:17Z,454.921018518519,1.24550586863386,16.2956782752902,8,Sioma Ngwezi,1087,chobe,3491.00326735376,1344.11759442209,90.9402815932418
EF0170,F,CERU,628,2008-09-27T07:12:13Z,2010-04-01T07:45:22Z,551.023020833333,1.50861881131645,21.0917902711324,23.9888888888889,Chobe,600,chobe,2526.40755143583,1137.15638379433,83.7118816073319
EF0173,F,CERU,15313,2007-10-29T22:00:29Z,2009-07-30T21:00:30Z,639.958344907408,1.7521104583365,1.00306950612446,1,Kazuma Pan,1112,chobe,5402.10552970018,670.821507058422,107.003495933143
EF0176,F,CERU,13017,2007-08-21T19:09:13Z,2012-02-18T17:58:00Z,1641.95054398148,4.49541558927168,3.02756707556512,1.00138888888889,Luengue-Luiana National Park,4493,chobe,12852.4379944957,1948.66836230576,164.989478404201
EF0191,F,CERU,12076,2010-09-05T03:12:44Z,2012-02-18T17:35:25Z,531.599085648148,1.45543897508049,1.05659445594663,1,Okavango Delta,555577555,chobe,1388.30188980234,508.484448687317,51.8863834039681
EF0194,F,CERU,12015,2010-09-05T23:19:35Z,2012-02-18T18:05:01Z,530.781550925926,1.45320068699774,1.06032605478793,1,Chobe,600,chobe,6575.38030343099,929.503068401234,110.334762284172
EF0196,F,CERU,11587,2010-10-10T22:05:24Z,2012-02-18T18:55:01Z,495.867789351852,1.35761201739042,1.02717304889042,1,Okavango Delta,555577555,chobe,6374.11243273498,982.328090457824,106.225844844036
EF0197,F,CERU,8404,2011-01-30T01:21:39Z,2012-02-18T18:38:02Z,384.719710648148,1.05330516262327,1.09880674230103,1,Okavango Delta,555577555,chobe,297.086461891602,47.1428971962919,26.616248704116
EF0204,F,CERU,13231,2010-01-03T00:31:34Z,2012-02-18T17:57:07Z,776.726076388889,2.12656009962735,1.40902689594356,0.00722222222222222,Hwange,1991,chobe,8457.53722558588,1161.3294684665,157.227202586593
EF0205,F,CERU,12922,2012-06-05T22:52:08Z,2014-01-28T01:15:38Z,601.099652777778,1.64572115750247,1.11650736527101,1,Kruger National Park,873,limpopo,1450.22286207298,344.390772864564,67.7224253904162
EF0206,F,CERU,10128,2012-06-06T01:13:01Z,2014-03-15T05:06:39Z,647.16224537037,1.77183366288945,1.53371125593847,1.00138888888889,Kruger National Park,873,limpopo,483.336735353874,191.326998680204,36.7103783274149
EF0207,F,CERU,16573,2012-06-05T23:27:23Z,2014-06-30T21:59:01Z,754.938634259259,2.06690933404315,1.0933217005927,1,Kruger National Park,873,limpopo,1326.6554159006,399.842099007422,51.8731738468793
EF0208,F,CERU,25404,2012-06-05T23:54:37Z,2015-09-20T12:44:06Z,1201.53436342593,3.28962180267194,1.13517398426258,1,Kruger National Park,873,limpopo,885.41098325388,340.51456770216,43.6040927366994
EF0209,F,CERU,28968,2012-06-06T01:29:48Z,2016-03-31T17:57:16Z,1394.68574074074,3.81844145308896,1.15553760409355,1,Kruger National Park,873,limpopo,2264.59010016078,524.560505100615,77.7121226276538
EF0210,F,CERU,30111,2012-06-06T01:21:56Z,2016-03-31T21:57:15Z,1394.8578587963,3.81891268664284,1.11180965164766,1,Kruger National Park,873,limpopo,1234.59437843998,503.34861113702,44.9968965279422
EF0211,F,CERU,22082,2012-06-05T23:54:13Z,2015-08-11T11:42:51Z,1161.49210648148,3.17999207797805,1.26243424462459,1,Kruger National Park,873,limpopo,1169.70026354749,464.906180882884,49.4846746368075
EF0212,F,CERU,9906,2012-06-05T22:11:18Z,2013-09-18T10:57:49Z,469.532303240741,1.28550938601161,1.13768554041169,1.00138888888889,Kruger National Park,873,limpopo,1580.83681770655,378.626204651761,76.750529777259
EF0213,F,CERU,22632,2012-06-06T22:57:19Z,2015-11-15T11:35:25Z,1256.52645833333,3.44018195300023,1.33253656488887,1.00027777777778,Kruger National Park,873,limpopo,1155.62894937377,497.211174468011,44.6857604321774
EF0214,F,CERU,23037,2012-06-07T01:41:48Z,2015-06-15T13:56:47Z,1103.51040509259,3.02124683119122,1.1496896041944,1.00138888888889,Kruger National Park,873,limpopo,1938.81153154242,578.479005315486,54.551757009707
EF0215,F,CERU,21847,2012-06-06T23:36:44Z,2015-06-13T13:01:35Z,1101.55892361111,3.01590396608107,1.21017184686747,1.00138888888889,Kruger National Park,873,limpopo,788.503382604225,369.201087108027,39.2926907843746
EF0216,F,CERU,22759,2012-06-07T01:25:12Z,2015-04-21T08:29:28Z,1048.29462962963,2.87007427687784,1.1055044868227,1,Kruger National Park,873,limpopo,1364.06453996323,368.700410807737,61.4341467052865
EF0217,F,CERU,21473,2012-06-07T00:16:43Z,2015-04-20T07:44:16Z,1047.31079861111,2.86738069434938,1.17061564673373,1.00111111111111,Kruger National Park,873,limpopo,593.656528441608,320.691218671111,31.7316166489631
EF0218,F,CERU,30912,2012-06-07T00:16:33Z,2016-03-31T21:23:06Z,1393.87954861111,3.81623421933227,1.08223962882685,1,Kruger National Park,873,limpopo,1438.16458144523,540.831888773203,53.9720418531262
EF0219,F,CERU,24463,2012-06-08T23:58:39Z,2015-06-11T08:02:07Z,1097.33574074074,3.00434152153522,1.07661097938753,1,Kruger National Park,873,limpopo,1206.30408719829,472.140935009664,45.9421425363885
EF0220,F,CERU,30542,2012-06-09T01:24:54Z,2016-03-31T21:42:31Z,1391.84556712963,3.81066548153218,1.09375245116765,1,Kruger National Park,873,limpopo,2377.59427749719,420.630920252657,82.5273296456305
EF0221,F,CERU,22160,2012-06-08T22:33:44Z,2015-04-17T08:28:34Z,1042.4130787037,2.85397146804573,1.12901818172701,1,Kruger National Park,873,limpopo,716.043630428475,304.691066652011,41.5971185950131
EF0222,F,CERU,13654,2012-06-19T22:41:29Z,2014-03-16T01:10:30Z,634.103483796296,1.7360807222349,1.11466224354436,1,Kruger National Park,873,limpopo,1007.66136248457,382.007798932502,47.4803658568152
EF0224,F,CERU,30395,2012-06-22T22:19:20Z,2016-03-04T10:03:37Z,1350.48908564815,3.69743760615509,1.0663860648666,1,Kruger National Park,873,limpopo,1677.48850770889,476.194904025085,62.5017861352255
EF0225,F,CERU,22677,2012-06-22T22:09:05Z,2015-09-01T13:21:03Z,1165.63331018519,3.19133007579791,1.23369198467298,1,Limpopo,20295,limpopo,1941.15973135648,478.307237138879,61.0836895605097
EF0226,F,CERU,29134,2012-06-22T22:55:00Z,2016-03-31T15:01:11Z,1377.67096064815,3.77185752401957,1.13493643138556,1,Kruger National Park,873,limpopo,1894.06160000059,595.118002410581,91.005939622316
EF0227,F,CERU,24786,2012-06-22T22:58:16Z,2016-02-15T14:59:43Z,1332.66767361111,3.64864523918169,1.29045891332123,1,Kruger National Park,873,limpopo,732.07279360499,348.773181503477,41.2729183435271
EF0228,F,CERU,15479,2012-06-22T22:58:30Z,2014-08-06T15:15:29Z,774.678460648148,2.12095403325982,1.20120707168598,1,Kruger National Park,873,limpopo,801.126072479206,365.309940947921,43.6928433502704
EF0229,F,CERU,23627,2012-06-22T23:41:36Z,2015-12-01T14:59:11Z,1256.63721064815,3.44048517631252,1.27652980003198,1,Kruger National Park,873,limpopo,1447.69535428453,600.65041821257,54.5516040005464
EF0231,F,CERU,16550,2012-10-05T22:31:52Z,2014-11-30T21:43:12Z,785.966203703704,2.15185818946941,1.1398385938056,1,Okavango Delta,555577555,chobe,3701.78128116927,833.45091168272,86.7955976458184
EF0232,F,CERU,17372,2012-10-05T22:21:52Z,2014-11-30T21:16:08Z,785.954351851852,2.15182574086749,1.08588477603157,1,Okavango Delta,555577555,chobe,1885.76043114722,389.254816490586,59.8916793951293
EF0234,F,CERU,16133,2012-10-05T23:07:37Z,2014-11-29T08:33:59Z,784.393310185185,2.14755184171166,1.16696252445106,1,Chobe,600,chobe,2448.15856752273,728.115155221414,63.6807386731007
EF0236,F,CERU,17448,2012-10-07T01:52:48Z,2014-11-30T07:00:08Z,784.213425925926,2.14705934545086,1.07875979951982,1,Chobe,600,chobe,11807.9028901126,1613.09395119524,226.66953543013
EF0237,F,CERU,16933,2012-10-08T01:14:13Z,2014-11-29T13:12:39Z,782.498912037037,2.14236526225061,1.10914091004541,1,Chobe,600,chobe,5785.12743261498,1008.59991349314,121.204003302895
EF0238,F,CERU,16977,2012-10-07T22:11:26Z,2014-11-29T06:42:12Z,782.354699074074,2.14197042867645,1.10606225128286,1,Chobe,600,chobe,1238.03205908858,423.611061828559,50.0184915722818
EF0240,F,CERU,16730,2012-10-08T23:05:42Z,2014-11-28T08:39:49Z,780.39869212963,2.13661517352397,1.11958686180352,1,Chobe,600,chobe,1318.50428274467,379.619475753047,49.2109995527964
EF0241,F,CERU,10056,2013-08-31T22:48:47Z,2014-11-30T21:13:34Z,455.933877314815,1.24827892488656,1.08825589811592,1,Chobe,600,chobe,7040.07958962051,1182.67772148816,200.865263835251
EF0242,F,CERU,9741,2013-08-31T22:56:57Z,2014-11-30T21:43:49Z,455.949212962963,1.24832091160291,1.12348882044262,1,Chobe,600,chobe,3160.68773769482,475.065552257653,92.2685057158089
EF0243,F,CERU,7726,2014-06-30T22:22:06Z,2015-12-05T16:49:56Z,522.769328703704,1.43126441807996,1.62413772024452,1,Kruger National Park,873,limpopo,945.382534242115,250.641321858132,40.9734799096634
EF0244,F,CERU,6079,2014-06-30T22:30:11Z,2015-12-29T09:26:24Z,546.455706018519,1.49611418485563,2.15777179079376,1,Kruger National Park,873,limpopo,538.374639580212,117.158317628136,32.5477786889789
EF0245,F,CERU,11858,2014-06-30T22:53:37Z,2016-03-31T21:54:37Z,639.959027777778,1.75211232793368,1.29535436169914,1,Kruger National Park,873,limpopo,1485.22303858063,460.468387455859,57.7551878339899
EF0251,F,CERU,15370,2013-08-14T23:35:12Z,2015-09-23T18:00:47Z,769.767766203704,2.10750928460973,1.20205780394879,1,Kruger National Park,873,limpopo,1289.52753415872,141.073654866685,71.5398131915962
EF0254,F,CERU,11209,2013-08-16T22:13:41Z,2015-10-28T09:12:09Z,802.457268518519,2.1970082642533,1.71832391545721,1.00138888888889,Kruger National Park,873,limpopo,860.294412179913,309.207661099904,39.5542555948093
EF0255,F,CERU,11263,2013-08-16T23:58:06Z,2016-03-20T04:21:50Z,946.183148148148,2.59050827692854,2.01637325124805,1,Kruger National Park,873,limpopo,1039.81560678046,313.80059913262,53.7806597310446
EF0256,F,CERU,1745,2009-07-02T22:14:00Z,2011-11-13T01:16:17Z,863.126585648148,2.36311180191143,11.8778887933231,12,Gonarezhou,1104,limpopo,897.844080059327,474.548938496832,41.4241220432205
EF0258,F,CERU,2160,2009-07-02T22:21:00Z,2012-03-30T21:29:32Z,1001.96425925926,2.7432286358912,11.1380927384077,12,Gonarezhou,1104,limpopo,106.332840263633,71.8545620689777,13.6742223561482
EF0259,F,CERU,4796,2016-02-01T03:57:45Z,2018-05-30T13:32:26Z,849.399085648148,2.32552795523107,4.2514239949021,4.00055555555556,Gonarezhou,1104,limpopo,452.549652451019,208.050404592714,27.6038196004364
EF0260,F,CERU,6350,2016-02-01T02:30:19Z,2020-06-15T00:57:00Z,1595.93519675926,4.36943243465916,6.0328311107611,4,Gonarezhou,1104,limpopo,1132.22511536318,595.657896694402,43.8046671127366
EM0010,M,CERU,855,2000-09-22T15:49:00Z,2002-11-27T02:16:00Z,795.435416666667,2.17778348163358,22.3541569086651,5.225,Maputo,4652,kzn,1013.71073564566,317.714969386033,61.9359424952925
EM0011,M,CERU,1031,2000-09-22T13:29:00Z,2002-10-27T20:05:00Z,765.275,2.09520876112252,17.8316504854369,4.58333333333333,Maputo,4652,kzn,1300.09231552784,358.542431817705,72.5055104180502
EM0014,M,CERU,753,2000-09-26T00:13:00Z,2002-11-27T02:14:00Z,792.084027777778,2.16860787892615,25.2792774822695,5.60833333333333,Maputo,4652,kzn,1014.4288565199,422.610386122348,61.3795780600082
EM0035,M,CERU,2156,2003-10-25T09:18:34Z,2006-11-02T03:51:09Z,1103.77262731482,3.02196475650873,12.2925953854086,7.99861111111111,Okavango Delta,555577555,chobe,3478.7367481799,794.606963429765,80.7367096036808
EM0051,M,CERU,957,2003-05-21T18:47:35Z,2004-12-15T00:13:00Z,573.225983796296,1.56940721094126,14.3906104718735,8.00347222222222,Kafue,1085,kafue,3099.34847744041,1325.92871800687,96.346209874323
EM0053,M,CERU,959,2003-05-21T18:40:35Z,2004-12-01T22:15:31Z,560.149259259259,1.53360509037443,14.032966829042,8.00138888888889,Nkala,4112,kafue,522.01213631332,316.05134342913,32.9530693120363
EM0056,M,CERU,1015,2003-05-20T18:16:30Z,2005-02-24T00:11:55Z,645.24681712963,1.76658950617284,15.2721140149025,8.00694444444445,Kafue,1085,kafue,1023.64575887178,389.399527411021,51.5427374386882
EM0059,M,CERU,1020,2003-05-23T14:33:38Z,2005-04-18T16:28:38Z,696.079861111111,1.90576279564986,16.3944226365718,16,Kafue,1085,kafue,4217.07011459139,1830.17705974412,112.22441225035
EM0064,M,CERU,1357,2003-09-03T13:56:29Z,2007-02-19T13:53:10Z,1264.99769675926,3.46337493979263,22.3893397656506,23.9997222222222,Limpopo,20295,limpopo,2860.229495144,1042.39955421691,71.8955910348624
EM0065,M,CERU,1333,2003-09-03T15:21:18Z,2006-10-06T13:50:55Z,1128.9372337963,3.09086169417193,20.3412114197531,23.9997222222222,Kruger National Park,873,limpopo,4302.30298029327,988.732183654721,104.493236265065
EM0066,M,CERU,2838,2004-08-06T16:29:34Z,2008-09-07T15:20:18Z,1492.95189814815,4.08747952949527,12.629836290291,12,Kasungu National Park,780,luangwa,494.473114710472,267.351051189579,29.525838405913
EM0080,M,CERU,2375,2004-08-09T16:28:23Z,2008-02-16T17:47:18Z,1286.05480324074,3.52102615534768,13.0013964944304,12,Vwaza Marsh Wildlife Reserve,4648,luangwa,1016.43174928193,344.52880080295,42.7237917347567
EM0100,M,CERU,2710,2006-11-03T17:35:42Z,2010-03-21T16:41:49Z,1233.96258101852,3.37840542373311,10.9321158894221,12,Mudumu,30051,chobe,5582.30946378759,1389.35327896872,105.173385471299
EM0101,M,CERU,2607,2006-11-03T05:42:56Z,2009-12-05T19:40:58Z,1128.58196759259,3.08988902831648,10.3936942525795,12,Nkasa Rupara,30052,chobe,6064.24945182628,1752.14244464725,119.437204206883
EM0102,M,CERU,2431,2006-11-04T20:06:11Z,2009-12-22T16:14:53Z,1143.839375,3.13166153319644,11.2971790123457,12,Bwabwata,303692,chobe,31726.2621338759,4772.7956865543,314.869688976813
EM0103,M,CERU,1671,2006-11-03T06:34:17Z,2009-01-24T05:29:01Z,812.954675925926,2.22574859938652,11.6831809713906,12,Mudumu,30051,chobe,4553.4173189821,1388.73877217793,121.10666422
EM0106,M,CERU,560,2007-10-27T08:12:57Z,2008-11-08T11:12:12Z,378.124479166667,1.03524840292037,16.234324686941,12.0005555555556,Nungo,555697584,,2778.77073688988,881.261430147086,77.8221903563878
EM0112,M,CERU,1020,2007-11-13T17:36:52Z,2011-06-16T13:26:06Z,1310.82585648148,3.58884560296093,30.8732292007415,12.0083333333333,Kruger National Park,873,limpopo,2831.09129804356,463.487927792037,113.533681964867
EM0115,M,CERU,1478,2008-11-10T14:51:03Z,2010-12-25T20:11:35Z,775.222592592593,2.12244378533222,12.5967110509291,12.0013888888889,Quirimbas,9035_A,,1733.40367683553,529.84918102999,73.1334135236596
EM0120,M,CERU,1661,2008-11-10T09:43:54Z,2011-03-13T01:47:28Z,852.669143518519,2.33448088574543,12.3277466532798,12,Quirimbas,9035_A,,1763.37797091976,552.65965768508,58.2320433667847
EM0135,M,CERU,5099,2004-10-16T23:02:44Z,2006-07-09T07:52:52Z,630.368148148148,1.72585393059041,2.96760210975982,2.00111111111111,Chobe,600,chobe,7534.38471158965,2076.07338204183,126.793018646307
EM0136,M,CERU,7466,2004-10-16T22:58:14Z,2006-07-08T21:40:49Z,629.946238425926,1.72469880472533,2.02527926620525,1.99972222222222,Chobe,600,chobe,7815.92144223003,1401.14052799068,172.313677982938
EM0140,M,CERU,11841,2004-10-24T22:59:19Z,2007-07-19T20:49:08Z,997.909594907407,2.73212756990392,2.02278971940691,2,Okavango Delta,555577555,chobe,9488.67369732776,1633.76469147052,142.04333553896
EM0141,M,CERU,10507,2004-10-16T23:02:12Z,2007-06-18T20:55:19Z,974.911886574074,2.66916327604127,2.22709739936967,2,Chobe,600,chobe,14523.4277931726,1696.66336622092,246.516547292716
EM0145,M,CERU,1503,2003-07-29T23:41:33Z,2005-09-10T04:21:55Z,773.194699074074,2.11689171546632,12.3546423287469,12,Chobe,600,chobe,2938.91397994484,1007.26887629446,83.3701688104411
EM0147,M,CERU,1382,2003-07-28T07:52:04Z,2005-07-03T18:02:33Z,706.423946759259,1.9340833586838,12.2767376699654,12,Chobe,600,chobe,22864.7361669505,5290.41245225445,200.489810471622
EM0149,M,CERU,999,2005-07-16T09:37:49Z,2007-01-27T19:19:53Z,560.404212962963,1.53430311557279,13.476654419951,12,Bwabwata,303692,chobe,3587.51136186985,1047.33805984529,88.6035250630629
EM0152,M,CERU,1388,2003-08-10T02:35:23Z,2005-07-15T04:09:15Z,705.065185185185,1.9303632722387,12.2001185612433,12,Luengue-Luiana National Park,4493,chobe,7650.81958818375,2571.82320029095,120.887840630932
EM0155,M,CERU,1735,2006-08-15T11:03:18Z,2008-08-02T09:47:19Z,717.947233796296,1.9656323991685,9.93698593489683,11.9951388888889,Sioma Ngwezi,1087,chobe,20394.1037477905,2739.76690502015,214.302278789914
EM0156,M,CERU,985,2006-08-16T12:43:25Z,2008-01-31T11:50:03Z,532.962939814815,1.45917300428423,12.9990960930443,12,Sioma Ngwezi,1087,chobe,16538.1424492564,3177.38864620764,204.550371766364
EM0157,M,CERU,1588,2006-08-15T11:01:50Z,2008-06-13T10:55:03Z,667.995289351852,1.8288714287525,10.1020081565497,11.9861111111111,Luengue-Luiana National Park,4493,chobe,12328.0360268878,1887.69487505029,170.032790162731
EM0158,M,CERU,1231,2006-08-18T13:34:25Z,2008-07-12T20:17:47Z,694.280115740741,1.90083536137095,13.5469290876242,12,Mosi oa tunya,2347,chobe,1266.63261049785,344.264433828255,47.5063005127046
EM0159,M,CERU,1050,2006-08-18T12:49:57Z,2008-04-19T09:04:29Z,609.843425925926,1.66966030369863,13.9525664654168,12,Zambezi,2530,chobe,537.184221880615,223.538098050041,29.8038241083403
EM0172,M,CERU,3314,2008-07-14T08:19:52Z,2010-08-11T02:43:25Z,757.766354166667,2.07465120921743,5.48940310896469,4.00166666666667,Fuller,20342,chobe,2704.84212491385,525.816921342552,91.6546257196941
EM0178,M,CERU,1466,2009-08-19T08:43:54Z,2011-09-09T20:49:50Z,751.50412037037,2.05750614748904,12.3113302995829,12,Chobe,600,chobe,1184.04153661453,591.521055296725,45.6890908891157
EM0179,M,CERU,1128,2009-08-13T13:31:41Z,2010-12-25T05:57:40Z,498.684710648148,1.36532432757878,10.6197276446811,8,,,chobe,4817.53853636195,1130.16100752789,118.369171825474
EM0180,M,CERU,2034,2009-08-14T00:29:26Z,2011-07-17T08:47:20Z,702.345763888889,1.92291790250209,8.29134202328251,8,Nxai Pan,601,chobe,6272.35996101396,1170.77528679896,142.892446375123
EM0181,M,CERU,4494,2009-08-13T23:56:08Z,2011-11-03T09:26:45Z,811.396261574074,2.22148189342662,4.33418879986151,1.02361111111111,Makgadikgadi Pans,1224,chobe,13954.7878770265,1602.20793562549,190.215582924187
EM0182,M,CERU,1625,2009-08-14T00:57:54Z,2011-07-17T01:25:43Z,702.01931712963,1.9220241399853,10.3746697112753,8,Nxai Pan,601,chobe,6711.43982124246,1567.0307653662,113.016986600039
EM0187,M,CERU,12248,2010-06-13T22:01:19Z,2011-12-18T14:54:00Z,552.703252314815,1.51321903440059,1.0831124402348,1,Chobe,600,chobe,2132.09846326621,405.01619098992,64.7949340251944
EM0190,M,CERU,13123,2010-07-11T23:58:19Z,2012-02-18T14:24:59Z,586.601851851852,1.60602834182574,1.07288861792748,1,Okavango Delta,555577555,chobe,2168.64905778978,451.162595624315,72.3436294841391
EM0192,M,CERU,11713,2010-09-05T01:33:39Z,2012-02-18T17:58:55Z,531.684212962963,1.45567204096636,1.08951682984214,1,Chobe,600,chobe,4308.48697075754,527.195587102826,101.25056450349
EM0195,M,CERU,11224,2010-10-08T01:03:42Z,2012-02-18T18:37:36Z,498.731875,1.36545345653662,1.0665209836942,1,Okavango Delta,555577555,chobe,14278.6746531752,1020.18367181148,198.342692120011
EM0204,M,CERU,2053,2009-07-02T22:23:00Z,2012-03-31T11:21:27Z,1002.54059027778,2.7448065442239,11.7256209389214,12,Gonarezhou,1104,limpopo,688.591223866268,296.940745776352,38.3625541633886
EM0205,M,CERU,2170,2009-07-02T22:13:00Z,2012-03-31T20:27:53Z,1002.92700231481,2.74586448272365,11.0973942164848,12,Gonarezhou,1104,limpopo,4728.28345984798,1497.49860337323,105.979349850158
EM0206,M,CERU,2172,2009-07-02T22:20:00Z,2012-03-31T10:33:28Z,1002.50935185185,2.74472101807489,11.0825538666257,12,Gonarezhou,1104,limpopo,293.5159649415,128.468666905039,24.7244565768373
EM0207,M,CERU,1967,2009-07-03T04:21:00Z,2012-03-31T07:37:22Z,1002.13636574074,2.74369983775699,12.2336077201311,12,Gonarezhou,1104,limpopo,900.236740309792,286.464346992318,40.2627516731525
EM0208,M,CERU,1726,2009-07-02T22:27:00Z,2011-09-01T02:34:50Z,790.172106481482,2.16337332370015,10.9936988727858,12,Gonarezhou,1104,limpopo,1149.09475083447,162.01289825083,46.8876709412849
EM0210,M,CERU,4988,2016-02-01T05:29:03Z,2018-05-30T13:36:30Z,849.338506944445,2.32536209977945,4.08745220907693,4.00055555555556,Gonarezhou,1104,limpopo,454.962902505589,184.341496878507,30.0718902088694
EM0211,M,CERU,3220,2016-02-01T04:06:03Z,2017-09-20T04:09:47Z,597.002592592593,1.63450401804953,4.45109109109109,4.00027777777778,Gonarezhou,1104,limpopo,946.436914287388,323.7589897736,53.3645609718941
EM0212,M,CERU,3339,2016-08-12T19:06:41Z,2018-03-07T15:04:05Z,571.831527777778,1.56558939843334,4.11143099660475,4.00486111111111,Gonarezhou,1104,limpopo,636.219321341105,183.801088829696,36.4208574545144
EM213,M,CERU,5731,2016-02-01T02:30:19Z,2020-06-14T09:00:00Z,1595.27061342593,4.36761290465688,6.68176173162692,4,Gonarezhou,1104,limpopo,2116.68290299962,547.133274135896,88.3316385975447
EM214,M,CERU,4943,2016-08-13T05:07:21Z,2020-06-12T15:00:00Z,1399.4115625,3.83138004791239,6.79600920679887,4,Gonarezhou,1104,limpopo,832.83098518103,95.6956372074619,59.5322320740375
EM215,M,CERU,4389,2016-10-29T11:08:07Z,2020-06-15T03:00:00Z,1324.66103009259,3.62672424392223,7.24518339157298,4,Gonarezhou,1104,limpopo,1662.66294270116,362.712732029766,67.9282471143005
EM216,M,CERU,3631,2016-08-13T10:06:28Z,2018-05-30T14:10:42Z,655.169606481482,1.79375662281035,4.33169987756351,4.00194444444444,Gonarezhou,1104,limpopo,366.682579434849,111.367806591878,30.0873903877252
EM217,M,CERU,3405,2016-08-20T11:06:29Z,2018-04-12T13:16:37Z,600.09037037037,1.64295789286891,4.23095443269356,4.005,Gonarezhou,1104,limpopo,1071.53033255883,400.846272478643,48.1772672884206
Francesca,F,EA,12799,2017-07-26T15:00:32Z,2021-12-30T23:00:32Z,1618.33333333333,4.43075519050878,3.03484919518675,4,Limpopo,20295,limpopo,2242.88798715382,992.162470536721,68.649355902269
Gail (Charlize),F,EA,32995,2012-04-23T16:41:12Z,2021-12-30T23:00:10Z,3538.2631712963,9.68723660861409,2.57375026099021,1.00833333333333,Klaserie Private Nature Reserve,300443,limpopo,1195.9560321017,305.79042340506,55.6523525460454
Gemma,F,EA,26538,2016-09-17T18:00:32Z,2021-12-30T23:00:18Z,1930.2081712963,5.28462196111238,1.74567570226895,1.00138888888889,Limpopo,20295,limpopo,677.396633201963,288.097332843722,36.4524528359111
General (Barry),M,EA,28603,2008-01-01T00:48:07Z,2021-12-30T23:00:08Z,5112.92501157408,13.9984257674855,4.29026642464785,3.99583333333333,Kruger National Park,873,limpopo,3759.17651604015,1063.34070249624,85.5084774438525
Gower (Estes),M,EA,68997,2008-01-01T00:00:49Z,2021-12-30T23:00:21Z,5112.95800925926,13.9985161102238,1.77852327993249,1.00277777777778,Klaserie Private Nature Reserve,300443,limpopo,1501.77189980589,481.182272255158,48.4528649061347
Ignite,F,EA,22634,2016-08-15T09:00:32Z,2020-01-23T08:00:33Z,1255.95834490741,3.43862654320988,1.33181638659381,1,Klaserie Private Nature Reserve,300443,limpopo,153.273365535,57.8293190636908,16.6135496106513
Jabulani,M,EA,1906,2009-10-10T06:01:25Z,2011-11-13T05:59:26Z,763.998622685185,2.09171423048648,9.62517949839603,8,Kruger National Park,873,limpopo,1206.92360218925,361.832844399512,45.9816592892387
Joan,F,EA,22748,2008-01-01T00:00:50Z,2013-11-26T21:03:07Z,2156.87658564815,5.90520625776358,2.27568637866776,1.00638888888889,Klaserie Private Nature Reserve,300443,limpopo,379.276810135607,160.637957628733,27.0053739560041
Lapajuma,F,EA,71511,2008-01-01T00:00:50Z,2021-08-17T22:00:08Z,4977.91618055556,13.6287917332117,1.67067526686244,1,Klaserie Private Nature Reserve,300443,limpopo,376.12577967725,186.886950606777,25.2938417940536
Mangala,F,EA,7398,2009-07-19T05:47:52Z,2014-11-01T21:18:48Z,1931.64648148148,5.28855983978503,6.26734021299926,4.00972222222222,Kruger National Park,873,limpopo,862.411439267326,235.253065078258,43.0315617319775
Mapimbi,M,EA,7310,2008-10-30T05:00:00Z,2015-03-11T00:20:39Z,2322.80600694444,6.35949625446802,7.62721906781593,4.00972222222222,Kruger National Park,873,limpopo,2636.12999452607,1046.758480336,72.3940789573763
Matambu (Jacques),M,EA,65936,2008-01-01T00:24:00Z,2021-02-01T05:00:32Z,4780.19203703704,13.0874525312445,1.73996525197375,1.00138888888889,Umbabat Private Nature Reserve,555564082,limpopo,888.873280829032,302.363188483097,38.5605673334946
Mondli,M,EA,5540,2009-10-10T20:50:14Z,2014-10-12T15:04:41Z,1827.76003472222,5.00413424975283,7.91952353011976,4.00833333333333,Kruger National Park,873,limpopo,2945.68925175658,685.051854074399,76.9642430987861
Mr Jabari (Henrik_Henry),M,EA,46030,2016-08-15T09:00:32Z,2021-12-30T23:00:07Z,1963.58304398148,5.37599738256395,1.02383265018913,1,Klaserie Private Nature Reserve,300443,limpopo,431.087697333309,99.0137286990349,28.8989624761484
Mumu,F,EA,20691,2019-07-02T11:05:07Z,2021-12-30T23:00:08Z,912.496539351852,2.49827936851979,1.05847834434241,1.00027777777778,Limpopo,20295,limpopo,1996.01128198871,547.355842341019,63.7672719467004
Munghana,M,EA,20699,2019-07-02T14:06:21Z,2021-12-30T23:00:08Z,912.37068287037,2.4979347922529,1.05792329640008,1.00027777777778,Limpopo,20295,limpopo,824.160950657387,233.844965846543,42.871116773338
Nandzika,F,EA,20673,2019-07-03T10:00:08Z,2021-12-30T23:00:20Z,911.541805555556,2.49566544984409,1.05829156991744,1.00027777777778,Limpopo,20295,limpopo,3247.28968687877,974.003256068481,75.2747070947544
Nicky_SA,M,EA,9303,2017-07-26T14:00:32Z,2021-12-30T21:00:56Z,1618.29194444444,4.43064187390676,4.17533935354404,4,Limpopo,20295,limpopo,6196.34845819933,1525.73728839652,107.65666341757
Nwambi,M,EA,4578,2009-07-19T07:29:33Z,2013-07-18T17:18:21Z,1460.40888888889,3.99838162597916,7.65781370621222,8,Kruger National Park,873,limpopo,4267.80836387016,1117.35397921311,105.902746873733
Nwankwimbi,F,EA,11223,2009-07-19T08:53:35Z,2017-08-08T15:21:16Z,2942.26922453704,8.05549411235329,6.29250235153171,4.00944444444444,Kruger National Park,873,limpopo,954.889314050667,317.529695453851,45.5305820443512
Peanuts,M,Kaingo,15389,2022-09-29T09:09:18Z,2025-05-27T09:00:32Z,970.993912037037,2.65843644637108,1.51441733096497,0.168055555555556,Kaingo Private Game Reserve,555570917,limpopo,182.154949895542,37.4077343235342,20.590283109037
Proud,M,EA,71462,2008-01-01T00:00:26Z,2021-12-30T23:00:19Z,5112.95825231482,13.9985167756737,1.71717437561125,1.00166666666667,Umbabat Private Nature Reserve,555564082,limpopo,547.424546124376,196.547019098209,30.7767757739075
Soshangane,M,EA,26169,2008-01-01T00:51:13Z,2016-03-01T03:28:45Z,2982.10939814815,8.16457056303394,2.73504377696253,1.00138888888889,Klaserie Private Nature Reserve,300443,limpopo,1425.10994328575,422.437812438302,49.7311137839017
Striburus,M,EA,12252,2008-01-01T00:00:29Z,2010-10-09T12:00:50Z,1012.50024305556,2.7720745874211,1.98351202622915,1.005,Timbavati Private Nature Reserve,555564070,limpopo,1244.56508243199,366.945577298923,50.3068323631861
Tshembo,M,EA,17140,2019-07-03T14:06:18Z,2021-08-06T04:00:12Z,764.579097222222,2.09330348315461,1.07065163272848,1.00027777777778,Limpopo,20295,limpopo,2434.15587403866,616.524668024177,73.8249272171051
Umbabat,F,EA,75836,2008-07-03T07:00:39Z,2021-10-14T04:00:07Z,4850.87462962963,13.2809709230106,1.53518812040761,1,Klaserie Private Nature Reserve,300443,limpopo,2422.16043872013,627.593104048257,64.925055469493
Wessa (Infinite),M,EA,50290,2008-01-01T00:00:26Z,2021-12-30T21:00:40Z,5112.87516203704,13.9982892868913,2.44007643597783,1.00611111111111,Kruger National Park,873,limpopo,4799.25036673043,808.58506088818,102.34634595616
Winslow,M,EA,5697,2017-07-26T14:00:32Z,2020-04-12T02:00:33Z,990.500011574074,2.71184123634243,4.17345510494694,4,Limpopo,20295,limpopo,4224.23779167617,1752.14033925542,91.4107069435931
Yvonne (Koeleria),F,EA,47079,2008-01-01T00:38:54Z,2016-05-10T15:00:49Z,3052.59855324074,8.35755935178848,1.55619111427371,1,Timbavati Private Nature Reserve,555564070,limpopo,2007.69228210109,491.698851434233,62.1610614463237
ele1,F,SCJ,5062,2009-08-06T07:49:00Z,2012-01-18T09:00:00Z,895.049305555556,2.45051144573732,4.24445432391491,1,Hwange,1991,chobe,3922.42013483839,518.872940681776,102.032246212989
ele10,F,SCJ,4753,2009-08-05T12:10:00Z,2012-01-18T10:22:27Z,895.9253125,2.4529098220397,4.52487531565657,1,Hwange,1991,chobe,5381.27304539146,685.705263781548,102.162509147485
ele11,F,SCJ,41851,2012-11-14T20:26:05Z,2015-08-22T16:24:32Z,1010.83225694444,2.76750789033387,0.57968874950219,0.5,Hwange,1991,chobe,9636.06950894559,1021.12762591709,152.567201241777
ele12,F,SCJ,32771,2012-11-12T09:01:11Z,2014-11-23T11:12:04Z,741.090891203704,2.02899627981849,0.542758052758282,0.500277777777778,Hwange,1991,chobe,857.579181586358,274.295465927936,40.0659872197907
ele13,F,SCJ,28767,2012-11-12T11:01:34Z,2014-12-05T13:53:13Z,753.119201388889,2.06192799832687,0.62834112609794,0.5,Hwange,1991,chobe,320.04679309797,119.837098543112,23.0857115367426
ele14,F,SCJ,36033,2012-11-10T09:30:34Z,2015-02-06T10:47:34Z,818.053472222222,2.23970834283976,0.544884639579633,0.5,Hwange,1991,chobe,10166.7831482411,1546.53361553408,189.584726599572
ele15,F,SCJ,41252,2012-11-11T13:31:14Z,2015-10-15T08:13:32Z,1067.779375,2.92342060232717,0.621238394220746,0.500277777777778,Hwange,1991,chobe,3193.32911736145,600.449491224602,86.8191568993693
ele16,F,SCJ,38926,2012-11-10T08:23:33Z,2015-03-23T08:35:14Z,863.008113425926,2.36278744264456,0.532105195175908,0.5,Hwange,1991,chobe,2796.27302361782,424.864380242471,71.4713974608117
ele17,F,SCJ,42748,2012-11-13T08:19:34Z,2015-10-15T08:09:32Z,1065.99303240741,2.91852986285396,0.598494228314918,0.500277777777778,Hwange,1991,chobe,2309.47931168668,439.424114215959,66.6413880995636
ele18,F,SCJ,40087,2012-11-11T11:53:07Z,2015-06-07T17:20:53Z,938.227615740741,2.56872721626486,0.561728852411759,0.500277777777778,Hwange,1991,chobe,7638.35781340566,952.130113218924,146.314068830697
ele19,F,SCJ,43360,2012-11-11T11:15:05Z,2015-10-15T08:45:32Z,1067.89614583333,2.92374030344513,0.591100059964483,0.500277777777778,Hwange,1991,chobe,2189.06567045952,476.316626439566,63.237613396695
ele2,F,SCJ,1996,2009-08-10T09:00:00Z,2010-11-23T11:11:59Z,470.091655092593,1.28704080791949,5.65523795600111,1.00138888888889,Hwange,1991,chobe,939.054896228615,216.329952319375,51.0972813148668
ele20,F,SCJ,43968,2012-11-12T14:17:33Z,2015-10-15T08:18:32Z,1066.75068287037,2.92060419677035,0.582300734389176,0.500277777777778,Hwange,1991,chobe,7659.4356301173,919.584253477601,180.415110880948
ele21,F,SCJ,2720,2012-11-10T10:12:10Z,2014-10-09T05:44:24Z,697.814050925926,1.91051074859939,6.15944730497323,2.50166666666667,Hwange,1991,chobe,11098.1347779688,1733.8381414125,186.029094038911
ele22,F,SCJ,39914,2012-11-13T09:32:04Z,2021-08-15T10:01:31Z,3197.02045138889,8.7529649593125,1.92239347664504,0.500277777777778,Hwange,1991,chobe,4362.00061071693,815.434350270317,92.1796803261337
ele23,F,SCJ,23315,2012-11-13T05:44:06Z,2014-03-12T19:33:04Z,484.575671296296,1.32669588308363,0.498834010084546,0.5,Hwange,1991,chobe,4786.83235910173,506.642336756663,97.4809932280644
ele24,F,SCJ,20402,2014-12-05T17:07:00Z,2017-11-16T15:23:00Z,1076.92777777778,2.94846756407331,1.26691175269186,1,Hwange,1991,chobe,1821.94947277223,637.011575405882,55.9341841180701
ele25,F,SCJ,23121,2014-11-07T14:39:00Z,2017-09-29T07:31:00Z,1056.70277777778,2.89309453190357,1.09692329873126,1,Hwange,1991,chobe,1375.60897697429,437.103770607908,54.5127587139767
ele26,F,SCJ,19465,2014-11-06T07:17:00Z,2017-10-04T08:20:00Z,1063.04375,2.91045516769336,1.31078144266338,1,Hwange,1991,chobe,2110.67541701908,530.688615227977,78.5174731984622
ele27,F,SCJ,22472,2014-12-04T14:59:00Z,2017-11-16T14:40:00Z,1077.98680555556,2.9513670241083,1.1513365374631,1,Hwange,1991,chobe,976.436815199482,452.289849087481,41.7017963787456
ele28,F,SCJ,16974,2014-12-04T18:12:00Z,2017-01-13T06:58:00Z,770.531944444444,2.10960149060765,1.0895402502013,1,Hwange,1991,chobe,1491.89785717568,472.539783164002,53.4804318118512
ele29,F,SCJ,8649,2014-11-11T00:27:00Z,2016-05-26T10:55:00Z,562.436111111111,1.53986614951707,1.56087727412889,1,Hwange,1991,chobe,1474.53099669226,435.288150165025,63.3314081005202
ele3,F,SCJ,2303,2009-08-01T11:29:00Z,2010-12-06T09:44:36Z,491.9275,1.34682409308693,5.128696785404,1,Hwange,1991,chobe,488.889483559471,162.022432306975,30.2363314760982
ele30,F,SCJ,16871,2015-09-22T15:54:00Z,2017-10-04T14:46:00Z,742.952777777778,2.03409384744087,1.0569571230982,1,Hwange,1991,chobe,4896.76203252307,480.412221004937,117.339696490432
ele31,F,SCJ,24102,2014-11-07T09:32:00Z,2017-11-16T15:16:00Z,1105.23888888889,3.02597916191345,1.10060716706084,1,Hwange,1991,chobe,4848.59650209024,1196.55892611937,115.967384366223
ele32,F,SCJ,18436,2014-12-03T04:47:00Z,2017-09-27T20:34:00Z,1029.65763888889,2.81904897710853,1.34048187324835,1,Hwange,1991,chobe,2045.01348420189,590.007465555105,71.8815400315613
ele33,F,SCJ,6614,2019-10-04T08:01:08Z,2021-08-12T04:01:08Z,677.833333333333,1.85580652521104,2.46000302434599,1.00666666666667,Hwange,1991,chobe,5879.45087912885,783.548118764174,113.104793684688
ele34,F,SCJ,8682,2019-09-30T08:00:38Z,2021-08-12T13:01:08Z,682.208680555556,1.86778557304738,1.88607399301156,1.00666666666667,Hwange,1991,chobe,10287.8282762623,972.338389085081,209.489168370387
ele35,F,SCJ,7005,2019-09-30T08:01:26Z,2021-08-11T13:01:21Z,681.208275462963,1.86504661317717,2.33423738022717,1.00666666666667,Hwange,1991,chobe,10683.0139467339,588.935771218986,187.141299017108
ele36,F,SCJ,7039,2019-10-03T08:01:36Z,2021-08-12T07:00:38Z,678.957662037037,1.85888476943747,2.31528614505383,1.00694444444444,Hwange,1991,chobe,7460.05697905458,944.352162568804,142.155083725859
ele37,F,SCJ,7678,2019-10-03T10:01:02Z,2021-08-12T10:00:37Z,678.999710648148,1.8589998922605,2.12270327674294,1.00694444444444,Hwange,1991,chobe,1786.09488820415,572.44579455524,66.2449767673861
ele4,F,SCJ,12638,2009-08-04T11:31:00Z,2011-12-21T02:02:02Z,868.604884259259,2.378110566076,1.6496413090308,0.501388888888889,Hwange,1991,chobe,834.228315974232,198.742319309413,37.7451163531482
ele5,F,SCJ,4378,2009-08-01T11:33:00Z,2012-01-19T17:04:54Z,901.230486111111,2.46743459578675,4.94163391973193,0.995833333333333,Hwange,1991,chobe,892.587633590185,173.182128063867,42.0326545709715
ele6,F,SCJ,4980,2009-07-30T19:36:00Z,2011-12-19T09:46:31Z,871.590636574074,2.3862851104013,4.20128043337573,1,Hwange,1991,chobe,726.714189553373,281.378750639762,34.9872263566517
ele7,F,SCJ,5116,2009-08-06T11:37:00Z,2012-01-18T09:48:57Z,894.924965277778,2.45017102060993,4.1990614206582,1,Hwange,1991,chobe,899.226487259685,306.371200410832,37.9030372786396
ele8,F,SCJ,3108,2009-08-07T11:37:00Z,2011-10-11T19:35:48Z,795.3325,2.17750171115674,6.14354039266173,1,Hwange,1991,chobe,9295.00975950914,857.773366807131,223.13215928993
ele9,F,SCJ,5041,2009-08-01T11:39:00Z,2012-01-18T10:21:22Z,899.946087962963,2.46391810530585,4.2854575617284,1,Hwange,1991,chobe,1914.7607836966,410.875829143119,63.4677065659071
hip_33833,F,SCJ_EKZNW,16645,2022-10-18T16:03:00Z,2025-05-31T04:01:00Z,955.498611111111,2.61601262453419,1.37779179684371,1,,,kzn,826.607241175583,232.737789823036,57.9879207283605
hip_33838,F,SCJ_EKZNW,9728,2022-10-17T10:02:00Z,2025-05-29T14:01:00Z,955.165972222222,2.61510190889041,2.35673726054625,1,,,kzn,655.172911185669,147.814034167737,41.5679899958718
hip_33839,F,SCJ_EKZNW,24832,2022-10-17T01:00:00Z,2025-05-31T23:00:00Z,957.916666666667,2.62263289984029,0.925858805525351,1,,,kzn,394.410620996483,143.734327824084,26.9876681219541
hip_34215,F,SCJ_EKZNW,14787,2022-10-17T16:01:00Z,2025-05-31T10:02:00Z,956.750694444444,2.61944064187391,1.55295662563686,1,,,kzn,726.25315876532,159.040830697424,52.7325726907184
hip_34216,F,SCJ_EKZNW,18625,2022-10-17T01:00:00Z,2025-05-31T23:00:00Z,957.916666666667,2.62263289984029,1.23442869415808,1,,,kzn,410.374661197738,125.200344647887,27.3548112254968
hip_34218,F,SCJ_EKZNW,18564,2022-10-17T01:00:00Z,2025-05-31T18:00:00Z,957.708333333333,2.62206251425964,1.23821580563487,1,,,kzn,505.183061601486,182.120060706766,34.4993045402517
