tier,filter_call,cutoff,max_inner_edge,mesh_id,n_vertices,all_converged,p_d_hessian,response,sum_loglik,n,log_cpo_approx,model_id,model_path,clean_response
tree_cover_1000m_coef_uq,tree_cover_q == 'uq',2,50,mesh_1,10624,TRUE,5,tree_cover_1000m_coef,-25021.0342081187,74307,-0.990343724841428,cv_tree_cover_1000m_coef_uq_mesh_1_1000m_local_density_subsets,builds/cv_subset_models/cv_tree_cover_1000m_coef_uq_mesh_1_1000m_local_density_subsets.Rds,Woody Cover Trend
tree_cover_1000m_coef_uq,tree_cover_q == 'uq',2,100,mesh_2,8972,TRUE,5,tree_cover_1000m_coef,-24733.8682281489,74307,-0.978977566916638,cv_tree_cover_1000m_coef_uq_mesh_2_1000m_local_density_subsets,builds/cv_subset_models/cv_tree_cover_1000m_coef_uq_mesh_2_1000m_local_density_subsets.Rds,Woody Cover Trend
tree_cover_1000m_coef_uq,tree_cover_q == 'uq',2,150,mesh_3,8687,TRUE,5,tree_cover_1000m_coef,-24750.9353271554,74307,-0.979653090328731,cv_tree_cover_1000m_coef_uq_mesh_3_1000m_local_density_subsets,builds/cv_subset_models/cv_tree_cover_1000m_coef_uq_mesh_3_1000m_local_density_subsets.Rds,Woody Cover Trend
tree_cover_1000m_coef_uq,tree_cover_q == 'uq',4,50,mesh_4,5900,TRUE,5,tree_cover_1000m_coef,-27253.9577070309,74307,-1.07872383562362,cv_tree_cover_1000m_coef_uq_mesh_4_1000m_local_density_subsets,builds/cv_subset_models/cv_tree_cover_1000m_coef_uq_mesh_4_1000m_local_density_subsets.Rds,Woody Cover Trend
tree_cover_1000m_coef_uq,tree_cover_q == 'uq',4,100,mesh_5,4215,TRUE,5,tree_cover_1000m_coef,-27414.6446158714,74307,-1.08508389534421,cv_tree_cover_1000m_coef_uq_mesh_5_1000m_local_density_subsets,builds/cv_subset_models/cv_tree_cover_1000m_coef_uq_mesh_5_1000m_local_density_subsets.Rds,Woody Cover Trend
tree_cover_1000m_coef_uq,tree_cover_q == 'uq',4,150,mesh_6,3924,TRUE,5,tree_cover_1000m_coef,-27312.8498955944,74307,-1.08105481478703,cv_tree_cover_1000m_coef_uq_mesh_6_1000m_local_density_subsets,builds/cv_subset_models/cv_tree_cover_1000m_coef_uq_mesh_6_1000m_local_density_subsets.Rds,Woody Cover Trend
tree_cover_1000m_coef_uq,tree_cover_q == 'uq',8,50,mesh_7,3750,TRUE,5,tree_cover_1000m_coef,-30435.3161372252,74307,-1.20464342518208,cv_tree_cover_1000m_coef_uq_mesh_7_1000m_local_density_subsets,builds/cv_subset_models/cv_tree_cover_1000m_coef_uq_mesh_7_1000m_local_density_subsets.Rds,Woody Cover Trend
tree_cover_1000m_coef_uq,tree_cover_q == 'uq',8,100,mesh_8,2033,TRUE,5,tree_cover_1000m_coef,-30390.6759543358,74307,-1.20287654677759,cv_tree_cover_1000m_coef_uq_mesh_8_1000m_local_density_subsets,builds/cv_subset_models/cv_tree_cover_1000m_coef_uq_mesh_8_1000m_local_density_subsets.Rds,Woody Cover Trend
tree_cover_1000m_coef_uq,tree_cover_q == 'uq',8,150,mesh_9,1737,TRUE,5,tree_cover_1000m_coef,-30484.3230558921,74307,-1.2065831409417,cv_tree_cover_1000m_coef_uq_mesh_9_1000m_local_density_subsets,builds/cv_subset_models/cv_tree_cover_1000m_coef_uq_mesh_9_1000m_local_density_subsets.Rds,Woody Cover Trend
tree_cover_1000m_coef_uq,tree_cover_q == 'uq',16,50,mesh_10,2950,TRUE,5,tree_cover_1000m_coef,-33453.0258489779,74307,-1.32408572527124,cv_tree_cover_1000m_coef_uq_mesh_10_1000m_local_density_subsets,builds/cv_subset_models/cv_tree_cover_1000m_coef_uq_mesh_10_1000m_local_density_subsets.Rds,Woody Cover Trend
tree_cover_1000m_coef_uq,tree_cover_q == 'uq',16,100,mesh_11,1140,TRUE,5,tree_cover_1000m_coef,-33497.5846948301,74307,-1.32584938431942,cv_tree_cover_1000m_coef_uq_mesh_11_1000m_local_density_subsets,builds/cv_subset_models/cv_tree_cover_1000m_coef_uq_mesh_11_1000m_local_density_subsets.Rds,Woody Cover Trend
tree_cover_1000m_coef_uq,tree_cover_q == 'uq',16,150,mesh_12,826,TRUE,5,tree_cover_1000m_coef,-33524.1420340414,74307,-1.32690053568341,cv_tree_cover_1000m_coef_uq_mesh_12_1000m_local_density_subsets,builds/cv_subset_models/cv_tree_cover_1000m_coef_uq_mesh_12_1000m_local_density_subsets.Rds,Woody Cover Trend
tree_cover_1000m_coef_uq,tree_cover_q == 'uq',32,50,mesh_13,1761,TRUE,5,tree_cover_1000m_coef,-35752.5946588815,74307,-1.4151036872702,cv_tree_cover_1000m_coef_uq_mesh_13_1000m_local_density_subsets,builds/cv_subset_models/cv_tree_cover_1000m_coef_uq_mesh_13_1000m_local_density_subsets.Rds,Woody Cover Trend
tree_cover_1000m_coef_uq,tree_cover_q == 'uq',32,100,mesh_14,825,TRUE,5,tree_cover_1000m_coef,-35880.6236807863,74307,-1.42017113321933,cv_tree_cover_1000m_coef_uq_mesh_14_1000m_local_density_subsets,builds/cv_subset_models/cv_tree_cover_1000m_coef_uq_mesh_14_1000m_local_density_subsets.Rds,Woody Cover Trend
tree_cover_1000m_coef_uq,tree_cover_q == 'uq',32,150,mesh_15,477,TRUE,5,tree_cover_1000m_coef,-35990.002998727,74307,-1.42450041554431,cv_tree_cover_1000m_coef_uq_mesh_15_1000m_local_density_subsets,builds/cv_subset_models/cv_tree_cover_1000m_coef_uq_mesh_15_1000m_local_density_subsets.Rds,Woody Cover Trend
canopy_height_900m_coef_uq,canopy_height_q == 'uq',2,50,mesh_1,9488,TRUE,5,canopy_height_900m_coef,88373.4785482151,74307,3.49786180677677,cv_canopy_height_900m_coef_uq_mesh_1_1000m_local_density_subsets,builds/cv_subset_models/cv_canopy_height_900m_coef_uq_mesh_1_1000m_local_density_subsets.Rds,Vegetation Height Trend
canopy_height_900m_coef_uq,canopy_height_q == 'uq',2,100,mesh_2,7830,TRUE,5,canopy_height_900m_coef,88470.2681455434,74307,3.50169278232905,cv_canopy_height_900m_coef_uq_mesh_2_1000m_local_density_subsets,builds/cv_subset_models/cv_canopy_height_900m_coef_uq_mesh_2_1000m_local_density_subsets.Rds,Vegetation Height Trend
canopy_height_900m_coef_uq,canopy_height_q == 'uq',2,150,mesh_3,7535,TRUE,5,canopy_height_900m_coef,88435.2270305173,74307,3.50030583932386,cv_canopy_height_900m_coef_uq_mesh_3_1000m_local_density_subsets,builds/cv_subset_models/cv_canopy_height_900m_coef_uq_mesh_3_1000m_local_density_subsets.Rds,Vegetation Height Trend
canopy_height_900m_coef_uq,canopy_height_q == 'uq',4,50,mesh_4,5274,TRUE,5,canopy_height_900m_coef,85123.346143639,74307,3.3692201125525,cv_canopy_height_900m_coef_uq_mesh_4_1000m_local_density_subsets,builds/cv_subset_models/cv_canopy_height_900m_coef_uq_mesh_4_1000m_local_density_subsets.Rds,Vegetation Height Trend
canopy_height_900m_coef_uq,canopy_height_q == 'uq',4,100,mesh_5,3591,TRUE,5,canopy_height_900m_coef,85204.9958419928,74307,3.37245184413191,cv_canopy_height_900m_coef_uq_mesh_5_1000m_local_density_subsets,builds/cv_subset_models/cv_canopy_height_900m_coef_uq_mesh_5_1000m_local_density_subsets.Rds,Vegetation Height Trend
canopy_height_900m_coef_uq,canopy_height_q == 'uq',4,150,mesh_6,3295,TRUE,5,canopy_height_900m_coef,85200.5779339813,74307,3.37227698135687,cv_canopy_height_900m_coef_uq_mesh_6_1000m_local_density_subsets,builds/cv_subset_models/cv_canopy_height_900m_coef_uq_mesh_6_1000m_local_density_subsets.Rds,Vegetation Height Trend
canopy_height_900m_coef_uq,canopy_height_q == 'uq',8,50,mesh_7,3422,TRUE,5,canopy_height_900m_coef,81825.7004072406,74307,3.23869781940394,cv_canopy_height_900m_coef_uq_mesh_7_1000m_local_density_subsets,builds/cv_subset_models/cv_canopy_height_900m_coef_uq_mesh_7_1000m_local_density_subsets.Rds,Vegetation Height Trend
canopy_height_900m_coef_uq,canopy_height_q == 'uq',8,100,mesh_8,1716,TRUE,5,canopy_height_900m_coef,81872.8881932712,74307,3.2405655330802,cv_canopy_height_900m_coef_uq_mesh_8_1000m_local_density_subsets,builds/cv_subset_models/cv_canopy_height_900m_coef_uq_mesh_8_1000m_local_density_subsets.Rds,Vegetation Height Trend
canopy_height_900m_coef_uq,canopy_height_q == 'uq',8,150,mesh_9,1437,TRUE,5,canopy_height_900m_coef,81866.8188358653,74307,3.2403253051995,cv_canopy_height_900m_coef_uq_mesh_9_1000m_local_density_subsets,builds/cv_subset_models/cv_canopy_height_900m_coef_uq_mesh_9_1000m_local_density_subsets.Rds,Vegetation Height Trend
canopy_height_900m_coef_uq,canopy_height_q == 'uq',16,50,mesh_10,2755,FALSE,4,canopy_height_900m_coef,79148.3618940748,74307,3.13272756358895,cv_canopy_height_900m_coef_uq_mesh_10_1000m_local_density_subsets,builds/cv_subset_models/cv_canopy_height_900m_coef_uq_mesh_10_1000m_local_density_subsets.Rds,Vegetation Height Trend
canopy_height_900m_coef_uq,canopy_height_q == 'uq',16,100,mesh_11,1018,FALSE,0,canopy_height_900m_coef,79111.2880074657,74307,3.13126016257533,cv_canopy_height_900m_coef_uq_mesh_11_1000m_local_density_subsets,builds/cv_subset_models/cv_canopy_height_900m_coef_uq_mesh_11_1000m_local_density_subsets.Rds,Vegetation Height Trend
canopy_height_900m_coef_uq,canopy_height_q == 'uq',16,150,mesh_12,704,FALSE,1,canopy_height_900m_coef,79085.3377432048,74307,3.13023303950939,cv_canopy_height_900m_coef_uq_mesh_12_1000m_local_density_subsets,builds/cv_subset_models/cv_canopy_height_900m_coef_uq_mesh_12_1000m_local_density_subsets.Rds,Vegetation Height Trend
canopy_height_900m_coef_uq,canopy_height_q == 'uq',32,50,mesh_13,1653,TRUE,5,canopy_height_900m_coef,76955.2294856704,74307,3.04592240196598,cv_canopy_height_900m_coef_uq_mesh_13_1000m_local_density_subsets,builds/cv_subset_models/cv_canopy_height_900m_coef_uq_mesh_13_1000m_local_density_subsets.Rds,Vegetation Height Trend
canopy_height_900m_coef_uq,canopy_height_q == 'uq',32,100,mesh_14,780,FALSE,4,canopy_height_900m_coef,76765.8481650764,74307,3.03842660459435,cv_canopy_height_900m_coef_uq_mesh_14_1000m_local_density_subsets,builds/cv_subset_models/cv_canopy_height_900m_coef_uq_mesh_14_1000m_local_density_subsets.Rds,Vegetation Height Trend
tree_cover_1000m_coef_unfenced,fenced == 'unfenced',2,50,mesh_1,16808,TRUE,5,tree_cover_1000m_coef,-59654.5882369948,74307,-0.894116941755644,cv_tree_cover_1000m_coef_unfenced_mesh_1_1000m_local_density_subsets,builds/cv_subset_models/cv_tree_cover_1000m_coef_unfenced_mesh_1_1000m_local_density_subsets.Rds,Woody Cover Trend
tree_cover_1000m_coef_unfenced,fenced == 'unfenced',2,100,mesh_2,15585,TRUE,5,tree_cover_1000m_coef,-59684.8637171802,74307,-0.894570717744274,cv_tree_cover_1000m_coef_unfenced_mesh_2_1000m_local_density_subsets,builds/cv_subset_models/cv_tree_cover_1000m_coef_unfenced_mesh_2_1000m_local_density_subsets.Rds,Woody Cover Trend
tree_cover_1000m_coef_unfenced,fenced == 'unfenced',2,150,mesh_3,15374,TRUE,5,tree_cover_1000m_coef,-59687.3461928876,74307,-0.894607925671661,cv_tree_cover_1000m_coef_unfenced_mesh_3_1000m_local_density_subsets,builds/cv_subset_models/cv_tree_cover_1000m_coef_unfenced_mesh_3_1000m_local_density_subsets.Rds,Woody Cover Trend
tree_cover_1000m_coef_unfenced,fenced == 'unfenced',4,50,mesh_4,7504,TRUE,5,tree_cover_1000m_coef,-68757.3473190092,74307,-1.03055122707189,cv_tree_cover_1000m_coef_unfenced_mesh_4_1000m_local_density_subsets,builds/cv_subset_models/cv_tree_cover_1000m_coef_unfenced_mesh_4_1000m_local_density_subsets.Rds,Woody Cover Trend
tree_cover_1000m_coef_unfenced,fenced == 'unfenced',4,100,mesh_5,6242,TRUE,5,tree_cover_1000m_coef,-68919.1614920081,74307,-1.03297653579952,cv_tree_cover_1000m_coef_unfenced_mesh_5_1000m_local_density_subsets,builds/cv_subset_models/cv_tree_cover_1000m_coef_unfenced_mesh_5_1000m_local_density_subsets.Rds,Woody Cover Trend
tree_cover_1000m_coef_unfenced,fenced == 'unfenced',4,150,mesh_6,6022,TRUE,5,tree_cover_1000m_coef,-68741.2644274322,74307,-1.03031017292574,cv_tree_cover_1000m_coef_unfenced_mesh_6_1000m_local_density_subsets,builds/cv_subset_models/cv_tree_cover_1000m_coef_unfenced_mesh_6_1000m_local_density_subsets.Rds,Woody Cover Trend
tree_cover_1000m_coef_unfenced,fenced == 'unfenced',8,50,mesh_7,3591,TRUE,5,tree_cover_1000m_coef,-79253.7669737696,74307,-1.1878740234981,cv_tree_cover_1000m_coef_unfenced_mesh_7_1000m_local_density_subsets,builds/cv_subset_models/cv_tree_cover_1000m_coef_unfenced_mesh_7_1000m_local_density_subsets.Rds,Woody Cover Trend
tree_cover_1000m_coef_unfenced,fenced == 'unfenced',8,100,mesh_8,2332,TRUE,5,tree_cover_1000m_coef,-79176.3581286662,74307,-1.18671380159574,cv_tree_cover_1000m_coef_unfenced_mesh_8_1000m_local_density_subsets,builds/cv_subset_models/cv_tree_cover_1000m_coef_unfenced_mesh_8_1000m_local_density_subsets.Rds,Woody Cover Trend
tree_cover_1000m_coef_unfenced,fenced == 'unfenced',8,150,mesh_9,2127,TRUE,5,tree_cover_1000m_coef,-79307.6467059941,74307,-1.18868158554526,cv_tree_cover_1000m_coef_unfenced_mesh_9_1000m_local_density_subsets,builds/cv_subset_models/cv_tree_cover_1000m_coef_unfenced_mesh_9_1000m_local_density_subsets.Rds,Woody Cover Trend
tree_cover_1000m_coef_unfenced,fenced == 'unfenced',16,50,mesh_10,2412,TRUE,5,tree_cover_1000m_coef,-87861.0004635338,74307,-1.3168812551677,cv_tree_cover_1000m_coef_unfenced_mesh_10_1000m_local_density_subsets,builds/cv_subset_models/cv_tree_cover_1000m_coef_unfenced_mesh_10_1000m_local_density_subsets.Rds,Woody Cover Trend
tree_cover_1000m_coef_unfenced,fenced == 'unfenced',16,100,mesh_11,1085,TRUE,5,tree_cover_1000m_coef,-87818.9798274762,74307,-1.31625144003172,cv_tree_cover_1000m_coef_unfenced_mesh_11_1000m_local_density_subsets,builds/cv_subset_models/cv_tree_cover_1000m_coef_unfenced_mesh_11_1000m_local_density_subsets.Rds,Woody Cover Trend
tree_cover_1000m_coef_unfenced,fenced == 'unfenced',16,150,mesh_12,862,TRUE,5,tree_cover_1000m_coef,-87815.9639027141,74307,-1.31620623664495,cv_tree_cover_1000m_coef_unfenced_mesh_12_1000m_local_density_subsets,builds/cv_subset_models/cv_tree_cover_1000m_coef_unfenced_mesh_12_1000m_local_density_subsets.Rds,Woody Cover Trend
tree_cover_1000m_coef_unfenced,fenced == 'unfenced',32,50,mesh_13,1382,TRUE,5,tree_cover_1000m_coef,-94039.3808460755,74307,-1.40948426754111,cv_tree_cover_1000m_coef_unfenced_mesh_13_1000m_local_density_subsets,builds/cv_subset_models/cv_tree_cover_1000m_coef_unfenced_mesh_13_1000m_local_density_subsets.Rds,Woody Cover Trend
tree_cover_1000m_coef_unfenced,fenced == 'unfenced',32,150,mesh_15,414,TRUE,5,tree_cover_1000m_coef,-94365.6960901527,74307,-1.41437515685416,cv_tree_cover_1000m_coef_unfenced_mesh_15_1000m_local_density_subsets,builds/cv_subset_models/cv_tree_cover_1000m_coef_unfenced_mesh_15_1000m_local_density_subsets.Rds,Woody Cover Trend
canopy_height_900m_coef_unfenced,fenced == 'unfenced',2,50,mesh_1,16808,TRUE,5,canopy_height_900m_coef,244729.270881697,74307,3.66805963641087,cv_canopy_height_900m_coef_unfenced_mesh_1_1000m_local_density_subsets,builds/cv_subset_models/cv_canopy_height_900m_coef_unfenced_mesh_1_1000m_local_density_subsets.Rds,Vegetation Height Trend
canopy_height_900m_coef_unfenced,fenced == 'unfenced',2,100,mesh_2,15585,FALSE,4,canopy_height_900m_coef,244580.812201991,74307,3.66583450294506,cv_canopy_height_900m_coef_unfenced_mesh_2_1000m_local_density_subsets,builds/cv_subset_models/cv_canopy_height_900m_coef_unfenced_mesh_2_1000m_local_density_subsets.Rds,Vegetation Height Trend
canopy_height_900m_coef_unfenced,fenced == 'unfenced',2,150,mesh_3,15374,TRUE,5,canopy_height_900m_coef,244466.977040819,74307,3.6641283148851,cv_canopy_height_900m_coef_unfenced_mesh_3_1000m_local_density_subsets,builds/cv_subset_models/cv_canopy_height_900m_coef_unfenced_mesh_3_1000m_local_density_subsets.Rds,Vegetation Height Trend
canopy_height_900m_coef_unfenced,fenced == 'unfenced',4,50,mesh_4,7504,TRUE,5,canopy_height_900m_coef,234780.424686214,74307,3.51894399925379,cv_canopy_height_900m_coef_unfenced_mesh_4_1000m_local_density_subsets,builds/cv_subset_models/cv_canopy_height_900m_coef_unfenced_mesh_4_1000m_local_density_subsets.Rds,Vegetation Height Trend
canopy_height_900m_coef_unfenced,fenced == 'unfenced',4,100,mesh_5,6242,FALSE,4,canopy_height_900m_coef,234823.515923703,74307,3.51958986081481,cv_canopy_height_900m_coef_unfenced_mesh_5_1000m_local_density_subsets,builds/cv_subset_models/cv_canopy_height_900m_coef_unfenced_mesh_5_1000m_local_density_subsets.Rds,Vegetation Height Trend
canopy_height_900m_coef_unfenced,fenced == 'unfenced',4,150,mesh_6,6022,TRUE,5,canopy_height_900m_coef,234915.733057481,74307,3.52097203281645,cv_canopy_height_900m_coef_unfenced_mesh_6_1000m_local_density_subsets,builds/cv_subset_models/cv_canopy_height_900m_coef_unfenced_mesh_6_1000m_local_density_subsets.Rds,Vegetation Height Trend
canopy_height_900m_coef_unfenced,fenced == 'unfenced',8,50,mesh_7,3591,TRUE,5,canopy_height_900m_coef,224098.085899701,74307,3.3588346033319,cv_canopy_height_900m_coef_unfenced_mesh_7_1000m_local_density_subsets,builds/cv_subset_models/cv_canopy_height_900m_coef_unfenced_mesh_7_1000m_local_density_subsets.Rds,Vegetation Height Trend
canopy_height_900m_coef_unfenced,fenced == 'unfenced',8,100,mesh_8,2332,TRUE,5,canopy_height_900m_coef,224181.214495968,74307,3.36008055420447,cv_canopy_height_900m_coef_unfenced_mesh_8_1000m_local_density_subsets,builds/cv_subset_models/cv_canopy_height_900m_coef_unfenced_mesh_8_1000m_local_density_subsets.Rds,Vegetation Height Trend
canopy_height_900m_coef_unfenced,fenced == 'unfenced',8,150,mesh_9,2127,FALSE,3,canopy_height_900m_coef,224110.040353627,74307,3.3590137794875,cv_canopy_height_900m_coef_unfenced_mesh_9_1000m_local_density_subsets,builds/cv_subset_models/cv_canopy_height_900m_coef_unfenced_mesh_9_1000m_local_density_subsets.Rds,Vegetation Height Trend
canopy_height_900m_coef_unfenced,fenced == 'unfenced',16,50,mesh_10,2412,FALSE,2,canopy_height_900m_coef,215562.464836173,74307,3.23090071548095,cv_canopy_height_900m_coef_unfenced_mesh_10_1000m_local_density_subsets,builds/cv_subset_models/cv_canopy_height_900m_coef_unfenced_mesh_10_1000m_local_density_subsets.Rds,Vegetation Height Trend
canopy_height_900m_coef_unfenced,fenced == 'unfenced',16,100,mesh_11,1085,TRUE,5,canopy_height_900m_coef,215571.115764552,74307,3.23103037762185,cv_canopy_height_900m_coef_unfenced_mesh_11_1000m_local_density_subsets,builds/cv_subset_models/cv_canopy_height_900m_coef_unfenced_mesh_11_1000m_local_density_subsets.Rds,Vegetation Height Trend
canopy_height_900m_coef_unfenced,fenced == 'unfenced',16,150,mesh_12,862,TRUE,5,canopy_height_900m_coef,215603.005721153,74307,3.23150835176116,cv_canopy_height_900m_coef_unfenced_mesh_12_1000m_local_density_subsets,builds/cv_subset_models/cv_canopy_height_900m_coef_unfenced_mesh_12_1000m_local_density_subsets.Rds,Vegetation Height Trend
canopy_height_900m_coef_unfenced,fenced == 'unfenced',32,50,mesh_13,1382,FALSE,4,canopy_height_900m_coef,210242.421509161,74307,3.15116265994936,cv_canopy_height_900m_coef_unfenced_mesh_13_1000m_local_density_subsets,builds/cv_subset_models/cv_canopy_height_900m_coef_unfenced_mesh_13_1000m_local_density_subsets.Rds,Vegetation Height Trend
canopy_height_900m_coef_unfenced,fenced == 'unfenced',32,100,mesh_14,658,FALSE,2,canopy_height_900m_coef,209817.735490851,74307,3.14479736643012,cv_canopy_height_900m_coef_unfenced_mesh_14_1000m_local_density_subsets,builds/cv_subset_models/cv_canopy_height_900m_coef_unfenced_mesh_14_1000m_local_density_subsets.Rds,Vegetation Height Trend
tree_cover_1000m_coef_mq,tree_cover_q == 'mq',2,50,mesh_1,12010,TRUE,5,tree_cover_1000m_coef,-23750.2278857362,74307,-0.968566856398032,cv_tree_cover_1000m_coef_mq_mesh_1_1000m_local_density_subsets,builds/cv_subset_models/cv_tree_cover_1000m_coef_mq_mesh_1_1000m_local_density_subsets.Rds,Woody Cover Trend
tree_cover_1000m_coef_mq,tree_cover_q == 'mq',2,100,mesh_2,10419,TRUE,5,tree_cover_1000m_coef,-23971.6748190741,74307,-0.977597765958735,cv_tree_cover_1000m_coef_mq_mesh_2_1000m_local_density_subsets,builds/cv_subset_models/cv_tree_cover_1000m_coef_mq_mesh_2_1000m_local_density_subsets.Rds,Woody Cover Trend
tree_cover_1000m_coef_mq,tree_cover_q == 'mq',2,150,mesh_3,10138,TRUE,5,tree_cover_1000m_coef,-23898.6837090786,74307,-0.974621088417219,cv_tree_cover_1000m_coef_mq_mesh_3_1000m_local_density_subsets,builds/cv_subset_models/cv_tree_cover_1000m_coef_mq_mesh_3_1000m_local_density_subsets.Rds,Woody Cover Trend
tree_cover_1000m_coef_mq,tree_cover_q == 'mq',4,50,mesh_4,6562,TRUE,5,tree_cover_1000m_coef,-25550.4167720909,74307,-1.04198102736801,cv_tree_cover_1000m_coef_mq_mesh_4_1000m_local_density_subsets,builds/cv_subset_models/cv_tree_cover_1000m_coef_mq_mesh_4_1000m_local_density_subsets.Rds,Woody Cover Trend
tree_cover_1000m_coef_mq,tree_cover_q == 'mq',4,100,mesh_5,4917,TRUE,5,tree_cover_1000m_coef,-25443.2640472907,74307,-1.0376111923368,cv_tree_cover_1000m_coef_mq_mesh_5_1000m_local_density_subsets,builds/cv_subset_models/cv_tree_cover_1000m_coef_mq_mesh_5_1000m_local_density_subsets.Rds,Woody Cover Trend
tree_cover_1000m_coef_mq,tree_cover_q == 'mq',4,150,mesh_6,4624,TRUE,5,tree_cover_1000m_coef,-25587.8643127924,74307,-1.043508189421,cv_tree_cover_1000m_coef_mq_mesh_6_1000m_local_density_subsets,builds/cv_subset_models/cv_tree_cover_1000m_coef_mq_mesh_6_1000m_local_density_subsets.Rds,Woody Cover Trend
tree_cover_1000m_coef_mq,tree_cover_q == 'mq',8,50,mesh_7,3962,TRUE,5,tree_cover_1000m_coef,-28158.0119115406,74307,-1.14832233234944,cv_tree_cover_1000m_coef_mq_mesh_7_1000m_local_density_subsets,builds/cv_subset_models/cv_tree_cover_1000m_coef_mq_mesh_7_1000m_local_density_subsets.Rds,Woody Cover Trend
tree_cover_1000m_coef_mq,tree_cover_q == 'mq',8,100,mesh_8,2282,TRUE,5,tree_cover_1000m_coef,-28124.8946527546,74307,-1.14697176513008,cv_tree_cover_1000m_coef_mq_mesh_8_1000m_local_density_subsets,builds/cv_subset_models/cv_tree_cover_1000m_coef_mq_mesh_8_1000m_local_density_subsets.Rds,Woody Cover Trend
tree_cover_1000m_coef_mq,tree_cover_q == 'mq',8,150,mesh_9,1993,TRUE,5,tree_cover_1000m_coef,-28204.3085330897,74307,-1.15021037205211,cv_tree_cover_1000m_coef_mq_mesh_9_1000m_local_density_subsets,builds/cv_subset_models/cv_tree_cover_1000m_coef_mq_mesh_9_1000m_local_density_subsets.Rds,Woody Cover Trend
tree_cover_1000m_coef_mq,tree_cover_q == 'mq',16,50,mesh_10,2983,TRUE,5,tree_cover_1000m_coef,-31176.0857228696,74307,-1.27140352036498,cv_tree_cover_1000m_coef_mq_mesh_10_1000m_local_density_subsets,builds/cv_subset_models/cv_tree_cover_1000m_coef_mq_mesh_10_1000m_local_density_subsets.Rds,Woody Cover Trend
tree_cover_1000m_coef_mq,tree_cover_q == 'mq',16,100,mesh_11,1202,TRUE,5,tree_cover_1000m_coef,-31241.7389802972,74307,-1.27408095021807,cv_tree_cover_1000m_coef_mq_mesh_11_1000m_local_density_subsets,builds/cv_subset_models/cv_tree_cover_1000m_coef_mq_mesh_11_1000m_local_density_subsets.Rds,Woody Cover Trend
tree_cover_1000m_coef_mq,tree_cover_q == 'mq',16,150,mesh_12,884,TRUE,5,tree_cover_1000m_coef,-31249.7577781376,74307,-1.27440796778833,cv_tree_cover_1000m_coef_mq_mesh_12_1000m_local_density_subsets,builds/cv_subset_models/cv_tree_cover_1000m_coef_mq_mesh_12_1000m_local_density_subsets.Rds,Woody Cover Trend
tree_cover_1000m_coef_mq,tree_cover_q == 'mq',32,50,mesh_13,1745,TRUE,5,tree_cover_1000m_coef,-33416.7578075685,74307,-1.36278120009659,cv_tree_cover_1000m_coef_mq_mesh_13_1000m_local_density_subsets,builds/cv_subset_models/cv_tree_cover_1000m_coef_mq_mesh_13_1000m_local_density_subsets.Rds,Woody Cover Trend
tree_cover_1000m_coef_mq,tree_cover_q == 'mq',32,100,mesh_14,858,TRUE,5,tree_cover_1000m_coef,-33614.3938352693,74307,-1.370841068279,cv_tree_cover_1000m_coef_mq_mesh_14_1000m_local_density_subsets,builds/cv_subset_models/cv_tree_cover_1000m_coef_mq_mesh_14_1000m_local_density_subsets.Rds,Woody Cover Trend
tree_cover_1000m_coef_mq,tree_cover_q == 'mq',32,150,mesh_15,497,TRUE,5,tree_cover_1000m_coef,-33629.6846047075,74307,-1.3714646468214,cv_tree_cover_1000m_coef_mq_mesh_15_1000m_local_density_subsets,builds/cv_subset_models/cv_tree_cover_1000m_coef_mq_mesh_15_1000m_local_density_subsets.Rds,Woody Cover Trend
canopy_height_900m_coef_mq,canopy_height_q == 'mq',2,50,mesh_1,11317,TRUE,5,canopy_height_900m_coef,91306.5581133993,74307,3.72360662751924,cv_canopy_height_900m_coef_mq_mesh_1_1000m_local_density_subsets,builds/cv_subset_models/cv_canopy_height_900m_coef_mq_mesh_1_1000m_local_density_subsets.Rds,Vegetation Height Trend
canopy_height_900m_coef_mq,canopy_height_q == 'mq',2,100,mesh_2,9634,TRUE,5,canopy_height_900m_coef,91140.9026399119,74307,3.71685097018523,cv_canopy_height_900m_coef_mq_mesh_2_1000m_local_density_subsets,builds/cv_subset_models/cv_canopy_height_900m_coef_mq_mesh_2_1000m_local_density_subsets.Rds,Vegetation Height Trend
canopy_height_900m_coef_mq,canopy_height_q == 'mq',2,150,mesh_3,9349,TRUE,5,canopy_height_900m_coef,91215.2515459135,74307,3.7198830205095,cv_canopy_height_900m_coef_mq_mesh_3_1000m_local_density_subsets,builds/cv_subset_models/cv_canopy_height_900m_coef_mq_mesh_3_1000m_local_density_subsets.Rds,Vegetation Height Trend
canopy_height_900m_coef_mq,canopy_height_q == 'mq',4,50,mesh_4,6133,TRUE,5,canopy_height_900m_coef,89214.4964586886,74307,3.6382894848778,cv_canopy_height_900m_coef_mq_mesh_4_1000m_local_density_subsets,builds/cv_subset_models/cv_canopy_height_900m_coef_mq_mesh_4_1000m_local_density_subsets.Rds,Vegetation Height Trend
canopy_height_900m_coef_mq,canopy_height_q == 'mq',4,100,mesh_5,4462,TRUE,5,canopy_height_900m_coef,89266.2797624913,74307,3.6404012790054,cv_canopy_height_900m_coef_mq_mesh_5_1000m_local_density_subsets,builds/cv_subset_models/cv_canopy_height_900m_coef_mq_mesh_5_1000m_local_density_subsets.Rds,Vegetation Height Trend
canopy_height_900m_coef_mq,canopy_height_q == 'mq',4,150,mesh_6,4167,TRUE,5,canopy_height_900m_coef,89253.6734319031,74307,3.63988717555985,cv_canopy_height_900m_coef_mq_mesh_6_1000m_local_density_subsets,builds/cv_subset_models/cv_canopy_height_900m_coef_mq_mesh_6_1000m_local_density_subsets.Rds,Vegetation Height Trend
canopy_height_900m_coef_mq,canopy_height_q == 'mq',8,50,mesh_7,3832,TRUE,5,canopy_height_900m_coef,86119.3032292881,74307,3.51206326125721,cv_canopy_height_900m_coef_mq_mesh_7_1000m_local_density_subsets,builds/cv_subset_models/cv_canopy_height_900m_coef_mq_mesh_7_1000m_local_density_subsets.Rds,Vegetation Height Trend
canopy_height_900m_coef_mq,canopy_height_q == 'mq',8,100,mesh_8,2106,TRUE,5,canopy_height_900m_coef,86079.7810486541,74307,3.51045149254329,cv_canopy_height_900m_coef_mq_mesh_8_1000m_local_density_subsets,builds/cv_subset_models/cv_canopy_height_900m_coef_mq_mesh_8_1000m_local_density_subsets.Rds,Vegetation Height Trend
canopy_height_900m_coef_mq,canopy_height_q == 'mq',8,150,mesh_9,1823,TRUE,5,canopy_height_900m_coef,86246.1449436954,74307,3.51723604027957,cv_canopy_height_900m_coef_mq_mesh_9_1000m_local_density_subsets,builds/cv_subset_models/cv_canopy_height_900m_coef_mq_mesh_9_1000m_local_density_subsets.Rds,Vegetation Height Trend
canopy_height_900m_coef_mq,canopy_height_q == 'mq',16,100,mesh_11,1161,FALSE,4,canopy_height_900m_coef,82877.7883112446,74307,3.37986983855653,cv_canopy_height_900m_coef_mq_mesh_11_1000m_local_density_subsets,builds/cv_subset_models/cv_canopy_height_900m_coef_mq_mesh_11_1000m_local_density_subsets.Rds,Vegetation Height Trend
canopy_height_900m_coef_mq,canopy_height_q == 'mq',16,150,mesh_12,858,FALSE,3,canopy_height_900m_coef,82810.2462720502,74307,3.37711538159333,cv_canopy_height_900m_coef_mq_mesh_12_1000m_local_density_subsets,builds/cv_subset_models/cv_canopy_height_900m_coef_mq_mesh_12_1000m_local_density_subsets.Rds,Vegetation Height Trend
canopy_height_900m_coef_mq,canopy_height_q == 'mq',32,50,mesh_13,1726,FALSE,3,canopy_height_900m_coef,80511.9197860533,74307,3.28338647632859,cv_canopy_height_900m_coef_mq_mesh_13_1000m_local_density_subsets,builds/cv_subset_models/cv_canopy_height_900m_coef_mq_mesh_13_1000m_local_density_subsets.Rds,Vegetation Height Trend
canopy_height_900m_coef_mq,canopy_height_q == 'mq',32,100,mesh_14,832,FALSE,3,canopy_height_900m_coef,80394.0548136517,74307,3.27857978115296,cv_canopy_height_900m_coef_mq_mesh_14_1000m_local_density_subsets,builds/cv_subset_models/cv_canopy_height_900m_coef_mq_mesh_14_1000m_local_density_subsets.Rds,Vegetation Height Trend
tree_cover_1000m_coef_lq,tree_cover_q == 'lq',2,50,mesh_1,11424,TRUE,5,tree_cover_1000m_coef,-18949.8970185689,74307,-0.77280278204677,cv_tree_cover_1000m_coef_lq_mesh_1_1000m_local_density_subsets,builds/cv_subset_models/cv_tree_cover_1000m_coef_lq_mesh_1_1000m_local_density_subsets.Rds,Woody Cover Trend
tree_cover_1000m_coef_lq,tree_cover_q == 'lq',2,100,mesh_2,9814,TRUE,5,tree_cover_1000m_coef,-19278.6475500605,74307,-0.786209679460892,cv_tree_cover_1000m_coef_lq_mesh_2_1000m_local_density_subsets,builds/cv_subset_models/cv_tree_cover_1000m_coef_lq_mesh_2_1000m_local_density_subsets.Rds,Woody Cover Trend
tree_cover_1000m_coef_lq,tree_cover_q == 'lq',2,150,mesh_3,9518,TRUE,5,tree_cover_1000m_coef,-19198.3611187263,74307,-0.782935488712788,cv_tree_cover_1000m_coef_lq_mesh_3_1000m_local_density_subsets,builds/cv_subset_models/cv_tree_cover_1000m_coef_lq_mesh_3_1000m_local_density_subsets.Rds,Woody Cover Trend
tree_cover_1000m_coef_lq,tree_cover_q == 'lq',4,50,mesh_4,6357,TRUE,5,tree_cover_1000m_coef,-20530.8834600404,74307,-0.83727757677258,cv_tree_cover_1000m_coef_lq_mesh_4_1000m_local_density_subsets,builds/cv_subset_models/cv_tree_cover_1000m_coef_lq_mesh_4_1000m_local_density_subsets.Rds,Woody Cover Trend
tree_cover_1000m_coef_lq,tree_cover_q == 'lq',4,100,mesh_5,4680,TRUE,5,tree_cover_1000m_coef,-20539.4179086306,74307,-0.83762562328741,cv_tree_cover_1000m_coef_lq_mesh_5_1000m_local_density_subsets,builds/cv_subset_models/cv_tree_cover_1000m_coef_lq_mesh_5_1000m_local_density_subsets.Rds,Woody Cover Trend
tree_cover_1000m_coef_lq,tree_cover_q == 'lq',4,150,mesh_6,4397,TRUE,5,tree_cover_1000m_coef,-20615.0607003417,74307,-0.840710440044929,cv_tree_cover_1000m_coef_lq_mesh_6_1000m_local_density_subsets,builds/cv_subset_models/cv_tree_cover_1000m_coef_lq_mesh_6_1000m_local_density_subsets.Rds,Woody Cover Trend
tree_cover_1000m_coef_lq,tree_cover_q == 'lq',8,50,mesh_7,3928,TRUE,5,tree_cover_1000m_coef,-23273.2696995525,74307,-0.949115847622549,cv_tree_cover_1000m_coef_lq_mesh_7_1000m_local_density_subsets,builds/cv_subset_models/cv_tree_cover_1000m_coef_lq_mesh_7_1000m_local_density_subsets.Rds,Woody Cover Trend
tree_cover_1000m_coef_lq,tree_cover_q == 'lq',8,100,mesh_8,2248,TRUE,5,tree_cover_1000m_coef,-23340.3922698698,74307,-0.951853198069811,cv_tree_cover_1000m_coef_lq_mesh_8_1000m_local_density_subsets,builds/cv_subset_models/cv_tree_cover_1000m_coef_lq_mesh_8_1000m_local_density_subsets.Rds,Woody Cover Trend
tree_cover_1000m_coef_lq,tree_cover_q == 'lq',8,150,mesh_9,1967,TRUE,5,tree_cover_1000m_coef,-23290.9625183458,74307,-0.949837385031027,cv_tree_cover_1000m_coef_lq_mesh_9_1000m_local_density_subsets,builds/cv_subset_models/cv_tree_cover_1000m_coef_lq_mesh_9_1000m_local_density_subsets.Rds,Woody Cover Trend
tree_cover_1000m_coef_lq,tree_cover_q == 'lq',16,50,mesh_10,2951,TRUE,5,tree_cover_1000m_coef,-26199.172510113,74307,-1.06843817585388,cv_tree_cover_1000m_coef_lq_mesh_10_1000m_local_density_subsets,builds/cv_subset_models/cv_tree_cover_1000m_coef_lq_mesh_10_1000m_local_density_subsets.Rds,Woody Cover Trend
tree_cover_1000m_coef_lq,tree_cover_q == 'lq',16,100,mesh_11,1203,TRUE,5,tree_cover_1000m_coef,-26267.5198216622,74307,-1.07122547292778,cv_tree_cover_1000m_coef_lq_mesh_11_1000m_local_density_subsets,builds/cv_subset_models/cv_tree_cover_1000m_coef_lq_mesh_11_1000m_local_density_subsets.Rds,Woody Cover Trend
tree_cover_1000m_coef_lq,tree_cover_q == 'lq',16,150,mesh_12,899,TRUE,5,tree_cover_1000m_coef,-26242.46676568,74307,-1.07020377495534,cv_tree_cover_1000m_coef_lq_mesh_12_1000m_local_density_subsets,builds/cv_subset_models/cv_tree_cover_1000m_coef_lq_mesh_12_1000m_local_density_subsets.Rds,Woody Cover Trend
tree_cover_1000m_coef_lq,tree_cover_q == 'lq',32,50,mesh_13,1727,TRUE,5,tree_cover_1000m_coef,-29471.7029897927,74307,-1.20189645568259,cv_tree_cover_1000m_coef_lq_mesh_13_1000m_local_density_subsets,builds/cv_subset_models/cv_tree_cover_1000m_coef_lq_mesh_13_1000m_local_density_subsets.Rds,Woody Cover Trend
tree_cover_1000m_coef_lq,tree_cover_q == 'lq',32,100,mesh_14,855,FALSE,4,tree_cover_1000m_coef,-29740.5190150697,74307,-1.21285914175889,cv_tree_cover_1000m_coef_lq_mesh_14_1000m_local_density_subsets,builds/cv_subset_models/cv_tree_cover_1000m_coef_lq_mesh_14_1000m_local_density_subsets.Rds,Woody Cover Trend
tree_cover_1000m_coef_lq,tree_cover_q == 'lq',32,150,mesh_15,502,TRUE,5,tree_cover_1000m_coef,-29687.2153839583,74307,-1.21068534659917,cv_tree_cover_1000m_coef_lq_mesh_15_1000m_local_density_subsets,builds/cv_subset_models/cv_tree_cover_1000m_coef_lq_mesh_15_1000m_local_density_subsets.Rds,Woody Cover Trend
canopy_height_900m_coef_lq,canopy_height_q == 'lq',2,50,mesh_1,11103,FALSE,2,canopy_height_900m_coef,99061.4101101876,74307,4.03986012439083,cv_canopy_height_900m_coef_lq_mesh_1_1000m_local_density_subsets,builds/cv_subset_models/cv_canopy_height_900m_coef_lq_mesh_1_1000m_local_density_subsets.Rds,Vegetation Height Trend
canopy_height_900m_coef_lq,canopy_height_q == 'lq',2,100,mesh_2,9478,FALSE,4,canopy_height_900m_coef,98623.1877771237,74307,4.02198881681513,cv_canopy_height_900m_coef_lq_mesh_2_1000m_local_density_subsets,builds/cv_subset_models/cv_canopy_height_900m_coef_lq_mesh_2_1000m_local_density_subsets.Rds,Vegetation Height Trend
canopy_height_900m_coef_lq,canopy_height_q == 'lq',2,150,mesh_3,9169,FALSE,3,canopy_height_900m_coef,98883.1050552475,74307,4.03258859978172,cv_canopy_height_900m_coef_lq_mesh_3_1000m_local_density_subsets,builds/cv_subset_models/cv_canopy_height_900m_coef_lq_mesh_3_1000m_local_density_subsets.Rds,Vegetation Height Trend
canopy_height_900m_coef_lq,canopy_height_q == 'lq',4,50,mesh_4,6075,FALSE,3,canopy_height_900m_coef,97066.0082961236,74307,3.95848490257835,cv_canopy_height_900m_coef_lq_mesh_4_1000m_local_density_subsets,builds/cv_subset_models/cv_canopy_height_900m_coef_lq_mesh_4_1000m_local_density_subsets.Rds,Vegetation Height Trend
canopy_height_900m_coef_lq,canopy_height_q == 'lq',4,150,mesh_6,4128,FALSE,1,canopy_height_900m_coef,97059.29943598,74307,3.95821130606337,cv_canopy_height_900m_coef_lq_mesh_6_1000m_local_density_subsets,builds/cv_subset_models/cv_canopy_height_900m_coef_lq_mesh_6_1000m_local_density_subsets.Rds,Vegetation Height Trend
canopy_height_900m_coef_lq,canopy_height_q == 'lq',8,50,mesh_7,3828,TRUE,5,canopy_height_900m_coef,94041.3083382196,74307,3.83513349122057,cv_canopy_height_900m_coef_lq_mesh_7_1000m_local_density_subsets,builds/cv_subset_models/cv_canopy_height_900m_coef_lq_mesh_7_1000m_local_density_subsets.Rds,Vegetation Height Trend
canopy_height_900m_coef_lq,canopy_height_q == 'lq',8,100,mesh_8,2117,TRUE,5,canopy_height_900m_coef,94072.8857376408,74307,3.83642126086378,cv_canopy_height_900m_coef_lq_mesh_8_1000m_local_density_subsets,builds/cv_subset_models/cv_canopy_height_900m_coef_lq_mesh_8_1000m_local_density_subsets.Rds,Vegetation Height Trend
canopy_height_900m_coef_lq,canopy_height_q == 'lq',8,150,mesh_9,1832,TRUE,5,canopy_height_900m_coef,94020.3422638908,74307,3.83427846596349,cv_canopy_height_900m_coef_lq_mesh_9_1000m_local_density_subsets,builds/cv_subset_models/cv_canopy_height_900m_coef_lq_mesh_9_1000m_local_density_subsets.Rds,Vegetation Height Trend
canopy_height_900m_coef_lq,canopy_height_q == 'lq',16,50,mesh_10,2942,FALSE,3,canopy_height_900m_coef,90580.6509860317,74307,3.69400313959593,cv_canopy_height_900m_coef_lq_mesh_10_1000m_local_density_subsets,builds/cv_subset_models/cv_canopy_height_900m_coef_lq_mesh_10_1000m_local_density_subsets.Rds,Vegetation Height Trend
canopy_height_900m_coef_lq,canopy_height_q == 'lq',16,100,mesh_11,1180,TRUE,5,canopy_height_900m_coef,90647.2129568889,74307,3.69671762802858,cv_canopy_height_900m_coef_lq_mesh_11_1000m_local_density_subsets,builds/cv_subset_models/cv_canopy_height_900m_coef_lq_mesh_11_1000m_local_density_subsets.Rds,Vegetation Height Trend
canopy_height_900m_coef_lq,canopy_height_q == 'lq',32,50,mesh_13,1734,FALSE,4,canopy_height_900m_coef,88128.2743850018,74307,3.59399185942669,cv_canopy_height_900m_coef_lq_mesh_13_1000m_local_density_subsets,builds/cv_subset_models/cv_canopy_height_900m_coef_lq_mesh_13_1000m_local_density_subsets.Rds,Vegetation Height Trend
canopy_height_900m_coef_lq,canopy_height_q == 'lq',32,100,mesh_14,835,TRUE,5,canopy_height_900m_coef,87872.5202847793,74307,3.58356185656292,cv_canopy_height_900m_coef_lq_mesh_14_1000m_local_density_subsets,builds/cv_subset_models/cv_canopy_height_900m_coef_lq_mesh_14_1000m_local_density_subsets.Rds,Vegetation Height Trend
canopy_height_900m_coef_lq,canopy_height_q == 'lq',32,150,mesh_15,491,FALSE,4,canopy_height_900m_coef,87819.5308917007,74307,3.58140087646102,cv_canopy_height_900m_coef_lq_mesh_15_1000m_local_density_subsets,builds/cv_subset_models/cv_canopy_height_900m_coef_lq_mesh_15_1000m_local_density_subsets.Rds,Vegetation Height Trend
tree_cover_1000m_coef_fenced,fenced == 'fenced',2,50,mesh_1,2560,TRUE,5,tree_cover_1000m_coef,-7702.83928433976,74307,-1.01513432845806,cv_tree_cover_1000m_coef_fenced_mesh_1_1000m_local_density_subsets,builds/cv_subset_models/cv_tree_cover_1000m_coef_fenced_mesh_1_1000m_local_density_subsets.Rds,Woody Cover Trend
tree_cover_1000m_coef_fenced,fenced == 'fenced',2,100,mesh_2,2508,TRUE,5,tree_cover_1000m_coef,-7727.49974208224,74307,-1.01838425699555,cv_tree_cover_1000m_coef_fenced_mesh_2_1000m_local_density_subsets,builds/cv_subset_models/cv_tree_cover_1000m_coef_fenced_mesh_2_1000m_local_density_subsets.Rds,Woody Cover Trend
tree_cover_1000m_coef_fenced,fenced == 'fenced',2,150,mesh_3,2507,TRUE,5,tree_cover_1000m_coef,-7760.78176862901,74307,-1.02277039649829,cv_tree_cover_1000m_coef_fenced_mesh_3_1000m_local_density_subsets,builds/cv_subset_models/cv_tree_cover_1000m_coef_fenced_mesh_3_1000m_local_density_subsets.Rds,Woody Cover Trend
tree_cover_1000m_coef_fenced,fenced == 'fenced',4,50,mesh_4,1151,TRUE,5,tree_cover_1000m_coef,-8431.45033844953,74307,-1.11115581687527,cv_tree_cover_1000m_coef_fenced_mesh_4_1000m_local_density_subsets,builds/cv_subset_models/cv_tree_cover_1000m_coef_fenced_mesh_4_1000m_local_density_subsets.Rds,Woody Cover Trend
tree_cover_1000m_coef_fenced,fenced == 'fenced',4,100,mesh_5,1102,TRUE,5,tree_cover_1000m_coef,-8439.45805732572,74307,-1.1122111303803,cv_tree_cover_1000m_coef_fenced_mesh_5_1000m_local_density_subsets,builds/cv_subset_models/cv_tree_cover_1000m_coef_fenced_mesh_5_1000m_local_density_subsets.Rds,Woody Cover Trend
tree_cover_1000m_coef_fenced,fenced == 'fenced',4,150,mesh_6,1100,TRUE,5,tree_cover_1000m_coef,-8426.55745483176,74307,-1.1105109982646,cv_tree_cover_1000m_coef_fenced_mesh_6_1000m_local_density_subsets,builds/cv_subset_models/cv_tree_cover_1000m_coef_fenced_mesh_6_1000m_local_density_subsets.Rds,Woody Cover Trend
tree_cover_1000m_coef_fenced,fenced == 'fenced',8,50,mesh_7,521,TRUE,5,tree_cover_1000m_coef,-9567.10755573718,74307,-1.26082071108819,cv_tree_cover_1000m_coef_fenced_mesh_7_1000m_local_density_subsets,builds/cv_subset_models/cv_tree_cover_1000m_coef_fenced_mesh_7_1000m_local_density_subsets.Rds,Woody Cover Trend
tree_cover_1000m_coef_fenced,fenced == 'fenced',8,100,mesh_8,461,TRUE,5,tree_cover_1000m_coef,-9609.36469446507,74307,-1.26638965398854,cv_tree_cover_1000m_coef_fenced_mesh_8_1000m_local_density_subsets,builds/cv_subset_models/cv_tree_cover_1000m_coef_fenced_mesh_8_1000m_local_density_subsets.Rds,Woody Cover Trend
tree_cover_1000m_coef_fenced,fenced == 'fenced',8,150,mesh_9,456,TRUE,5,tree_cover_1000m_coef,-9608.43283933139,74307,-1.26626684756608,cv_tree_cover_1000m_coef_fenced_mesh_9_1000m_local_density_subsets,builds/cv_subset_models/cv_tree_cover_1000m_coef_fenced_mesh_9_1000m_local_density_subsets.Rds,Woody Cover Trend
tree_cover_1000m_coef_fenced,fenced == 'fenced',16,100,mesh_11,187,TRUE,5,tree_cover_1000m_coef,-10656.0629360425,74307,-1.40433090880898,cv_tree_cover_1000m_coef_fenced_mesh_11_1000m_local_density_subsets,builds/cv_subset_models/cv_tree_cover_1000m_coef_fenced_mesh_11_1000m_local_density_subsets.Rds,Woody Cover Trend
tree_cover_1000m_coef_fenced,fenced == 'fenced',16,150,mesh_12,185,TRUE,5,tree_cover_1000m_coef,-10648.7403327633,74307,-1.40336588465515,cv_tree_cover_1000m_coef_fenced_mesh_12_1000m_local_density_subsets,builds/cv_subset_models/cv_tree_cover_1000m_coef_fenced_mesh_12_1000m_local_density_subsets.Rds,Woody Cover Trend
tree_cover_1000m_coef_fenced,fenced == 'fenced',32,50,mesh_13,178,TRUE,5,tree_cover_1000m_coef,-11320.2785398645,74307,-1.49186591194841,cv_tree_cover_1000m_coef_fenced_mesh_13_1000m_local_density_subsets,builds/cv_subset_models/cv_tree_cover_1000m_coef_fenced_mesh_13_1000m_local_density_subsets.Rds,Woody Cover Trend
canopy_height_900m_coef_fenced,fenced == 'fenced',2,50,mesh_1,2560,FALSE,4,canopy_height_900m_coef,31321.7748114811,74307,4.12780374426477,cv_canopy_height_900m_coef_fenced_mesh_1_1000m_local_density_subsets,builds/cv_subset_models/cv_canopy_height_900m_coef_fenced_mesh_1_1000m_local_density_subsets.Rds,Vegetation Height Trend
canopy_height_900m_coef_fenced,fenced == 'fenced',2,100,mesh_2,2508,FALSE,4,canopy_height_900m_coef,31258.6225142338,74307,4.11948109043672,cv_canopy_height_900m_coef_fenced_mesh_2_1000m_local_density_subsets,builds/cv_subset_models/cv_canopy_height_900m_coef_fenced_mesh_2_1000m_local_density_subsets.Rds,Vegetation Height Trend
canopy_height_900m_coef_fenced,fenced == 'fenced',2,150,mesh_3,2507,FALSE,4,canopy_height_900m_coef,31203.7316526709,74307,4.11224718669886,cv_canopy_height_900m_coef_fenced_mesh_3_1000m_local_density_subsets,builds/cv_subset_models/cv_canopy_height_900m_coef_fenced_mesh_3_1000m_local_density_subsets.Rds,Vegetation Height Trend
canopy_height_900m_coef_fenced,fenced == 'fenced',4,100,mesh_5,1102,TRUE,5,canopy_height_900m_coef,30552.1614551732,74307,4.02637868412931,cv_canopy_height_900m_coef_fenced_mesh_5_1000m_local_density_subsets,builds/cv_subset_models/cv_canopy_height_900m_coef_fenced_mesh_5_1000m_local_density_subsets.Rds,Vegetation Height Trend
canopy_height_900m_coef_fenced,fenced == 'fenced',4,150,mesh_6,1100,FALSE,3,canopy_height_900m_coef,30558.2170384364,74307,4.02717673147554,cv_canopy_height_900m_coef_fenced_mesh_6_1000m_local_density_subsets,builds/cv_subset_models/cv_canopy_height_900m_coef_fenced_mesh_6_1000m_local_density_subsets.Rds,Vegetation Height Trend
canopy_height_900m_coef_fenced,fenced == 'fenced',8,50,mesh_7,521,FALSE,0,canopy_height_900m_coef,29312.8382194616,74307,3.86305195301287,cv_canopy_height_900m_coef_fenced_mesh_7_1000m_local_density_subsets,builds/cv_subset_models/cv_canopy_height_900m_coef_fenced_mesh_7_1000m_local_density_subsets.Rds,Vegetation Height Trend
canopy_height_900m_coef_fenced,fenced == 'fenced',16,50,mesh_10,278,FALSE,3,canopy_height_900m_coef,28410.3823733318,74307,3.74411997539955,cv_canopy_height_900m_coef_fenced_mesh_10_1000m_local_density_subsets,builds/cv_subset_models/cv_canopy_height_900m_coef_fenced_mesh_10_1000m_local_density_subsets.Rds,Vegetation Height Trend
canopy_height_900m_coef_fenced,fenced == 'fenced',16,100,mesh_11,187,TRUE,5,canopy_height_900m_coef,28395.8314625099,74307,3.74220235404717,cv_canopy_height_900m_coef_fenced_mesh_11_1000m_local_density_subsets,builds/cv_subset_models/cv_canopy_height_900m_coef_fenced_mesh_11_1000m_local_density_subsets.Rds,Vegetation Height Trend
canopy_height_900m_coef_fenced,fenced == 'fenced',16,150,mesh_12,185,FALSE,4,canopy_height_900m_coef,28409.8571394122,74307,3.7440507563801,cv_canopy_height_900m_coef_fenced_mesh_12_1000m_local_density_subsets,builds/cv_subset_models/cv_canopy_height_900m_coef_fenced_mesh_12_1000m_local_density_subsets.Rds,Vegetation Height Trend
canopy_height_900m_coef_fenced,fenced == 'fenced',32,50,mesh_13,178,TRUE,5,canopy_height_900m_coef,27770.0189281265,74307,3.65972837745473,cv_canopy_height_900m_coef_fenced_mesh_13_1000m_local_density_subsets,builds/cv_subset_models/cv_canopy_height_900m_coef_fenced_mesh_13_1000m_local_density_subsets.Rds,Vegetation Height Trend
canopy_height_900m_coef_fenced,fenced == 'fenced',32,100,mesh_14,93,FALSE,2,canopy_height_900m_coef,27793.3099918054,74307,3.66279783761273,cv_canopy_height_900m_coef_fenced_mesh_14_1000m_local_density_subsets,builds/cv_subset_models/cv_canopy_height_900m_coef_fenced_mesh_14_1000m_local_density_subsets.Rds,Vegetation Height Trend
canopy_height_900m_coef_fenced,fenced == 'fenced',32,150,mesh_15,85,FALSE,3,canopy_height_900m_coef,27788.4860309788,74307,3.66216210213215,cv_canopy_height_900m_coef_fenced_mesh_15_1000m_local_density_subsets,builds/cv_subset_models/cv_canopy_height_900m_coef_fenced_mesh_15_1000m_local_density_subsets.Rds,Vegetation Height Trend
