park,response,cutoff,max_inner_edge,mesh_id,n_vertices,all_converged,p_d_hessian,sum_loglik,n,log_cpo_approx,model_id,model_path,clean_response
Sioma Ngwezi,tree_cover_1000m_coef,2,50,mesh_1,809,TRUE,5,-3477.40317584949,73716,-1.04552109917303,cv_tree_cover_1000m_coef_sioma_ngwezi_mesh_1_1000m_local_density_parks,builds/cv_park_models/cv_tree_cover_1000m_coef_sioma_ngwezi_mesh_1_1000m_local_density_parks.Rds,Woody Cover Trend
Sioma Ngwezi,tree_cover_1000m_coef,2,100,mesh_2,809,TRUE,5,-3450.36068596751,73716,-1.03739046481284,cv_tree_cover_1000m_coef_sioma_ngwezi_mesh_2_1000m_local_density_parks,builds/cv_park_models/cv_tree_cover_1000m_coef_sioma_ngwezi_mesh_2_1000m_local_density_parks.Rds,Woody Cover Trend
Sioma Ngwezi,tree_cover_1000m_coef,2,150,mesh_3,809,FALSE,4,-3462.04706872289,73716,-1.04090410965811,cv_tree_cover_1000m_coef_sioma_ngwezi_mesh_3_1000m_local_density_parks,builds/cv_park_models/cv_tree_cover_1000m_coef_sioma_ngwezi_mesh_3_1000m_local_density_parks.Rds,Woody Cover Trend
Sioma Ngwezi,tree_cover_1000m_coef,4,50,mesh_4,305,TRUE,5,-3903.21476324294,73716,-1.17354623068038,cv_tree_cover_1000m_coef_sioma_ngwezi_mesh_4_1000m_local_density_parks,builds/cv_park_models/cv_tree_cover_1000m_coef_sioma_ngwezi_mesh_4_1000m_local_density_parks.Rds,Woody Cover Trend
Sioma Ngwezi,tree_cover_1000m_coef,4,100,mesh_5,305,TRUE,5,-3888.02852775965,73716,-1.16898031502094,cv_tree_cover_1000m_coef_sioma_ngwezi_mesh_5_1000m_local_density_parks,builds/cv_park_models/cv_tree_cover_1000m_coef_sioma_ngwezi_mesh_5_1000m_local_density_parks.Rds,Woody Cover Trend
Sioma Ngwezi,tree_cover_1000m_coef,4,150,mesh_6,305,TRUE,5,-3900.86244821007,73716,-1.17283898021951,cv_tree_cover_1000m_coef_sioma_ngwezi_mesh_6_1000m_local_density_parks,builds/cv_park_models/cv_tree_cover_1000m_coef_sioma_ngwezi_mesh_6_1000m_local_density_parks.Rds,Woody Cover Trend
Sioma Ngwezi,tree_cover_1000m_coef,8,50,mesh_7,109,TRUE,5,-4370.41214229409,73716,-1.3140144745322,cv_tree_cover_1000m_coef_sioma_ngwezi_mesh_7_1000m_local_density_parks,builds/cv_park_models/cv_tree_cover_1000m_coef_sioma_ngwezi_mesh_7_1000m_local_density_parks.Rds,Woody Cover Trend
Sioma Ngwezi,tree_cover_1000m_coef,8,100,mesh_8,109,TRUE,5,-4382.68558526999,73716,-1.31770462575767,cv_tree_cover_1000m_coef_sioma_ngwezi_mesh_8_1000m_local_density_parks,builds/cv_park_models/cv_tree_cover_1000m_coef_sioma_ngwezi_mesh_8_1000m_local_density_parks.Rds,Woody Cover Trend
Sioma Ngwezi,tree_cover_1000m_coef,8,150,mesh_9,109,TRUE,5,-4370.56031286047,73716,-1.3140590237103,cv_tree_cover_1000m_coef_sioma_ngwezi_mesh_9_1000m_local_density_parks,builds/cv_park_models/cv_tree_cover_1000m_coef_sioma_ngwezi_mesh_9_1000m_local_density_parks.Rds,Woody Cover Trend
Sioma Ngwezi,tree_cover_1000m_coef,16,50,mesh_10,45,TRUE,5,-4791.42540658026,73716,-1.44059693523159,cv_tree_cover_1000m_coef_sioma_ngwezi_mesh_10_1000m_local_density_parks,builds/cv_park_models/cv_tree_cover_1000m_coef_sioma_ngwezi_mesh_10_1000m_local_density_parks.Rds,Woody Cover Trend
Sioma Ngwezi,tree_cover_1000m_coef,16,100,mesh_11,45,TRUE,5,-4789.10054836632,73716,-1.43989793997785,cv_tree_cover_1000m_coef_sioma_ngwezi_mesh_11_1000m_local_density_parks,builds/cv_park_models/cv_tree_cover_1000m_coef_sioma_ngwezi_mesh_11_1000m_local_density_parks.Rds,Woody Cover Trend
Sioma Ngwezi,tree_cover_1000m_coef,16,150,mesh_12,45,TRUE,5,-4790.28431942301,73716,-1.44025385430638,cv_tree_cover_1000m_coef_sioma_ngwezi_mesh_12_1000m_local_density_parks,builds/cv_park_models/cv_tree_cover_1000m_coef_sioma_ngwezi_mesh_12_1000m_local_density_parks.Rds,Woody Cover Trend
Sioma Ngwezi,tree_cover_1000m_coef,32,50,mesh_13,28,TRUE,5,-5035.78005618819,73716,-1.51406495976795,cv_tree_cover_1000m_coef_sioma_ngwezi_mesh_13_1000m_local_density_parks,builds/cv_park_models/cv_tree_cover_1000m_coef_sioma_ngwezi_mesh_13_1000m_local_density_parks.Rds,Woody Cover Trend
Sioma Ngwezi,tree_cover_1000m_coef,32,100,mesh_14,28,TRUE,5,-5032.50636878324,73716,-1.5130806881489,cv_tree_cover_1000m_coef_sioma_ngwezi_mesh_14_1000m_local_density_parks,builds/cv_park_models/cv_tree_cover_1000m_coef_sioma_ngwezi_mesh_14_1000m_local_density_parks.Rds,Woody Cover Trend
Sioma Ngwezi,tree_cover_1000m_coef,32,150,mesh_15,28,TRUE,5,-5028.66666624387,73716,-1.51192623759587,cv_tree_cover_1000m_coef_sioma_ngwezi_mesh_15_1000m_local_density_parks,builds/cv_park_models/cv_tree_cover_1000m_coef_sioma_ngwezi_mesh_15_1000m_local_density_parks.Rds,Woody Cover Trend
Sioma Ngwezi,canopy_height_900m_coef,2,50,mesh_1,809,TRUE,5,11595.3096962805,73716,3.48626268679511,cv_canopy_height_900m_coef_sioma_ngwezi_mesh_1_1000m_local_density_parks,builds/cv_park_models/cv_canopy_height_900m_coef_sioma_ngwezi_mesh_1_1000m_local_density_parks.Rds,Canopy Height Trend
Sioma Ngwezi,canopy_height_900m_coef,2,100,mesh_2,809,FALSE,3,11711.7820871679,73716,3.52128144533009,cv_canopy_height_900m_coef_sioma_ngwezi_mesh_2_1000m_local_density_parks,builds/cv_park_models/cv_canopy_height_900m_coef_sioma_ngwezi_mesh_2_1000m_local_density_parks.Rds,Canopy Height Trend
Sioma Ngwezi,canopy_height_900m_coef,2,150,mesh_3,809,TRUE,5,11688.4793582288,73716,3.51427521293711,cv_canopy_height_900m_coef_sioma_ngwezi_mesh_3_1000m_local_density_parks,builds/cv_park_models/cv_canopy_height_900m_coef_sioma_ngwezi_mesh_3_1000m_local_density_parks.Rds,Canopy Height Trend
Sioma Ngwezi,canopy_height_900m_coef,4,50,mesh_4,305,FALSE,4,11254.6533337262,73716,3.38384044910588,cv_canopy_height_900m_coef_sioma_ngwezi_mesh_4_1000m_local_density_parks,builds/cv_park_models/cv_canopy_height_900m_coef_sioma_ngwezi_mesh_4_1000m_local_density_parks.Rds,Canopy Height Trend
Sioma Ngwezi,canopy_height_900m_coef,4,100,mesh_5,305,TRUE,5,11228.8559094917,73716,3.37608415799511,cv_canopy_height_900m_coef_sioma_ngwezi_mesh_5_1000m_local_density_parks,builds/cv_park_models/cv_canopy_height_900m_coef_sioma_ngwezi_mesh_5_1000m_local_density_parks.Rds,Canopy Height Trend
Sioma Ngwezi,canopy_height_900m_coef,4,150,mesh_6,305,TRUE,5,11226.7753442513,73716,3.37545861222228,cv_canopy_height_900m_coef_sioma_ngwezi_mesh_6_1000m_local_density_parks,builds/cv_park_models/cv_canopy_height_900m_coef_sioma_ngwezi_mesh_6_1000m_local_density_parks.Rds,Canopy Height Trend
Sioma Ngwezi,canopy_height_900m_coef,8,50,mesh_7,109,FALSE,2,10774.7095179229,73716,3.23953984303154,cv_canopy_height_900m_coef_sioma_ngwezi_mesh_7_1000m_local_density_parks,builds/cv_park_models/cv_canopy_height_900m_coef_sioma_ngwezi_mesh_7_1000m_local_density_parks.Rds,Canopy Height Trend
Sioma Ngwezi,canopy_height_900m_coef,8,100,mesh_8,109,FALSE,2,10775.1108312154,73716,3.23966050247006,cv_canopy_height_900m_coef_sioma_ngwezi_mesh_8_1000m_local_density_parks,builds/cv_park_models/cv_canopy_height_900m_coef_sioma_ngwezi_mesh_8_1000m_local_density_parks.Rds,Canopy Height Trend
Sioma Ngwezi,canopy_height_900m_coef,8,150,mesh_9,109,FALSE,1,10777.3603208064,73716,3.24033683728394,cv_canopy_height_900m_coef_sioma_ngwezi_mesh_9_1000m_local_density_parks,builds/cv_park_models/cv_canopy_height_900m_coef_sioma_ngwezi_mesh_9_1000m_local_density_parks.Rds,Canopy Height Trend
Luengue-Luiana National Park,tree_cover_1000m_coef,2,50,mesh_1,3966,TRUE,5,-17018.2483351228,73716,-0.839826704259911,cv_tree_cover_1000m_coef_luengue-luiana_national_park_mesh_1_1000m_local_density_parks,builds/cv_park_models/cv_tree_cover_1000m_coef_luengue-luiana_national_park_mesh_1_1000m_local_density_parks.Rds,Woody Cover Trend
Luengue-Luiana National Park,tree_cover_1000m_coef,2,100,mesh_2,3966,TRUE,5,-16871.9834859384,73716,-0.832608738942874,cv_tree_cover_1000m_coef_luengue-luiana_national_park_mesh_2_1000m_local_density_parks,builds/cv_park_models/cv_tree_cover_1000m_coef_luengue-luiana_national_park_mesh_2_1000m_local_density_parks.Rds,Woody Cover Trend
Luengue-Luiana National Park,tree_cover_1000m_coef,2,150,mesh_3,3966,TRUE,5,-16983.2801978578,73716,-0.838101075693732,cv_tree_cover_1000m_coef_luengue-luiana_national_park_mesh_3_1000m_local_density_parks,builds/cv_park_models/cv_tree_cover_1000m_coef_luengue-luiana_national_park_mesh_3_1000m_local_density_parks.Rds,Woody Cover Trend
Luengue-Luiana National Park,tree_cover_1000m_coef,4,50,mesh_4,1484,FALSE,4,-20128.4965380966,73716,-0.993313094063194,cv_tree_cover_1000m_coef_luengue-luiana_national_park_mesh_4_1000m_local_density_parks,builds/cv_park_models/cv_tree_cover_1000m_coef_luengue-luiana_national_park_mesh_4_1000m_local_density_parks.Rds,Woody Cover Trend
Luengue-Luiana National Park,tree_cover_1000m_coef,4,100,mesh_5,1484,TRUE,5,-20108.4305488924,73716,-0.992322865618456,cv_tree_cover_1000m_coef_luengue-luiana_national_park_mesh_5_1000m_local_density_parks,builds/cv_park_models/cv_tree_cover_1000m_coef_luengue-luiana_national_park_mesh_5_1000m_local_density_parks.Rds,Woody Cover Trend
Luengue-Luiana National Park,tree_cover_1000m_coef,4,150,mesh_6,1484,TRUE,5,-20165.9677914175,73716,-0.995162247898612,cv_tree_cover_1000m_coef_luengue-luiana_national_park_mesh_6_1000m_local_density_parks,builds/cv_park_models/cv_tree_cover_1000m_coef_luengue-luiana_national_park_mesh_6_1000m_local_density_parks.Rds,Woody Cover Trend
Luengue-Luiana National Park,tree_cover_1000m_coef,8,50,mesh_7,469,TRUE,5,-23474.6510193471,73716,-1.15844112807674,cv_tree_cover_1000m_coef_luengue-luiana_national_park_mesh_7_1000m_local_density_parks,builds/cv_park_models/cv_tree_cover_1000m_coef_luengue-luiana_national_park_mesh_7_1000m_local_density_parks.Rds,Woody Cover Trend
Luengue-Luiana National Park,tree_cover_1000m_coef,8,100,mesh_8,469,TRUE,5,-23470.0088274416,73716,-1.15821204241224,cv_tree_cover_1000m_coef_luengue-luiana_national_park_mesh_8_1000m_local_density_parks,builds/cv_park_models/cv_tree_cover_1000m_coef_luengue-luiana_national_park_mesh_8_1000m_local_density_parks.Rds,Woody Cover Trend
Luengue-Luiana National Park,tree_cover_1000m_coef,8,150,mesh_9,469,TRUE,5,-23480.3188112846,73716,-1.15872082566544,cv_tree_cover_1000m_coef_luengue-luiana_national_park_mesh_9_1000m_local_density_parks,builds/cv_park_models/cv_tree_cover_1000m_coef_luengue-luiana_national_park_mesh_9_1000m_local_density_parks.Rds,Woody Cover Trend
Luengue-Luiana National Park,tree_cover_1000m_coef,16,50,mesh_10,160,TRUE,5,-25953.001220436,73716,-1.28074423709218,cv_tree_cover_1000m_coef_luengue-luiana_national_park_mesh_10_1000m_local_density_parks,builds/cv_park_models/cv_tree_cover_1000m_coef_luengue-luiana_national_park_mesh_10_1000m_local_density_parks.Rds,Woody Cover Trend
Luengue-Luiana National Park,tree_cover_1000m_coef,16,100,mesh_11,160,TRUE,5,-25937.2436178004,73716,-1.2799666214864,cv_tree_cover_1000m_coef_luengue-luiana_national_park_mesh_11_1000m_local_density_parks,builds/cv_park_models/cv_tree_cover_1000m_coef_luengue-luiana_national_park_mesh_11_1000m_local_density_parks.Rds,Woody Cover Trend
Luengue-Luiana National Park,tree_cover_1000m_coef,16,150,mesh_12,160,TRUE,5,-25961.2378032725,73716,-1.28115070091159,cv_tree_cover_1000m_coef_luengue-luiana_national_park_mesh_12_1000m_local_density_parks,builds/cv_park_models/cv_tree_cover_1000m_coef_luengue-luiana_national_park_mesh_12_1000m_local_density_parks.Rds,Woody Cover Trend
Luengue-Luiana National Park,tree_cover_1000m_coef,32,50,mesh_13,60,TRUE,5,-27528.8394047879,73716,-1.35850964295242,cv_tree_cover_1000m_coef_luengue-luiana_national_park_mesh_13_1000m_local_density_parks,builds/cv_park_models/cv_tree_cover_1000m_coef_luengue-luiana_national_park_mesh_13_1000m_local_density_parks.Rds,Woody Cover Trend
Luengue-Luiana National Park,tree_cover_1000m_coef,32,100,mesh_14,59,TRUE,5,-27526.420480677,73716,-1.35839027243767,cv_tree_cover_1000m_coef_luengue-luiana_national_park_mesh_14_1000m_local_density_parks,builds/cv_park_models/cv_tree_cover_1000m_coef_luengue-luiana_national_park_mesh_14_1000m_local_density_parks.Rds,Woody Cover Trend
Luengue-Luiana National Park,tree_cover_1000m_coef,32,150,mesh_15,59,TRUE,5,-27524.8289939116,73716,-1.35831173479627,cv_tree_cover_1000m_coef_luengue-luiana_national_park_mesh_15_1000m_local_density_parks,builds/cv_park_models/cv_tree_cover_1000m_coef_luengue-luiana_national_park_mesh_15_1000m_local_density_parks.Rds,Woody Cover Trend
Luengue-Luiana National Park,canopy_height_900m_coef,2,50,mesh_1,3966,TRUE,5,71571.4009692755,73716,3.53194833050116,cv_canopy_height_900m_coef_luengue-luiana_national_park_mesh_1_1000m_local_density_parks,builds/cv_park_models/cv_canopy_height_900m_coef_luengue-luiana_national_park_mesh_1_1000m_local_density_parks.Rds,Canopy Height Trend
Luengue-Luiana National Park,canopy_height_900m_coef,2,100,mesh_2,3966,TRUE,5,71720.5354612688,73716,3.53930790866901,cv_canopy_height_900m_coef_luengue-luiana_national_park_mesh_2_1000m_local_density_parks,builds/cv_park_models/cv_canopy_height_900m_coef_luengue-luiana_national_park_mesh_2_1000m_local_density_parks.Rds,Canopy Height Trend
Luengue-Luiana National Park,canopy_height_900m_coef,2,150,mesh_3,3966,TRUE,5,71704.0246256473,73716,3.53849312207103,cv_canopy_height_900m_coef_luengue-luiana_national_park_mesh_3_1000m_local_density_parks,builds/cv_park_models/cv_canopy_height_900m_coef_luengue-luiana_national_park_mesh_3_1000m_local_density_parks.Rds,Canopy Height Trend
Luengue-Luiana National Park,canopy_height_900m_coef,4,50,mesh_4,1484,TRUE,5,68595.1963892889,73716,3.38507680563013,cv_canopy_height_900m_coef_luengue-luiana_national_park_mesh_4_1000m_local_density_parks,builds/cv_park_models/cv_canopy_height_900m_coef_luengue-luiana_national_park_mesh_4_1000m_local_density_parks.Rds,Canopy Height Trend
Luengue-Luiana National Park,canopy_height_900m_coef,4,100,mesh_5,1484,TRUE,5,68651.1906406736,73716,3.38784004346001,cv_canopy_height_900m_coef_luengue-luiana_national_park_mesh_5_1000m_local_density_parks,builds/cv_park_models/cv_canopy_height_900m_coef_luengue-luiana_national_park_mesh_5_1000m_local_density_parks.Rds,Canopy Height Trend
Luengue-Luiana National Park,canopy_height_900m_coef,4,150,mesh_6,1484,TRUE,5,68590.2870334993,73716,3.38483453580237,cv_canopy_height_900m_coef_luengue-luiana_national_park_mesh_6_1000m_local_density_parks,builds/cv_park_models/cv_canopy_height_900m_coef_luengue-luiana_national_park_mesh_6_1000m_local_density_parks.Rds,Canopy Height Trend
Luengue-Luiana National Park,canopy_height_900m_coef,8,50,mesh_7,469,TRUE,5,66001.5448009459,73716,3.25708373474861,cv_canopy_height_900m_coef_luengue-luiana_national_park_mesh_7_1000m_local_density_parks,builds/cv_park_models/cv_canopy_height_900m_coef_luengue-luiana_national_park_mesh_7_1000m_local_density_parks.Rds,Canopy Height Trend
Luengue-Luiana National Park,canopy_height_900m_coef,8,100,mesh_8,469,TRUE,5,66033.2205491568,73716,3.25864688852925,cv_canopy_height_900m_coef_luengue-luiana_national_park_mesh_8_1000m_local_density_parks,builds/cv_park_models/cv_canopy_height_900m_coef_luengue-luiana_national_park_mesh_8_1000m_local_density_parks.Rds,Canopy Height Trend
Luengue-Luiana National Park,canopy_height_900m_coef,8,150,mesh_9,469,TRUE,5,66052.5994236502,73716,3.25960320882601,cv_canopy_height_900m_coef_luengue-luiana_national_park_mesh_9_1000m_local_density_parks,builds/cv_park_models/cv_canopy_height_900m_coef_luengue-luiana_national_park_mesh_9_1000m_local_density_parks.Rds,Canopy Height Trend
Luengue-Luiana National Park,canopy_height_900m_coef,16,50,mesh_10,160,TRUE,5,64076.4451670002,73716,3.16208276584091,cv_canopy_height_900m_coef_luengue-luiana_national_park_mesh_10_1000m_local_density_parks,builds/cv_park_models/cv_canopy_height_900m_coef_luengue-luiana_national_park_mesh_10_1000m_local_density_parks.Rds,Canopy Height Trend
Luengue-Luiana National Park,canopy_height_900m_coef,16,100,mesh_11,160,TRUE,5,64066.3965326573,73716,3.16158687981925,cv_canopy_height_900m_coef_luengue-luiana_national_park_mesh_11_1000m_local_density_parks,builds/cv_park_models/cv_canopy_height_900m_coef_luengue-luiana_national_park_mesh_11_1000m_local_density_parks.Rds,Canopy Height Trend
Luengue-Luiana National Park,canopy_height_900m_coef,16,150,mesh_12,160,TRUE,5,64045.2996304454,73716,3.16054577726241,cv_canopy_height_900m_coef_luengue-luiana_national_park_mesh_12_1000m_local_density_parks,builds/cv_park_models/cv_canopy_height_900m_coef_luengue-luiana_national_park_mesh_12_1000m_local_density_parks.Rds,Canopy Height Trend
Luengue-Luiana National Park,canopy_height_900m_coef,32,50,mesh_13,60,FALSE,4,62934.0397524904,73716,3.10570665971626,cv_canopy_height_900m_coef_luengue-luiana_national_park_mesh_13_1000m_local_density_parks,builds/cv_park_models/cv_canopy_height_900m_coef_luengue-luiana_national_park_mesh_13_1000m_local_density_parks.Rds,Canopy Height Trend
Luengue-Luiana National Park,canopy_height_900m_coef,32,100,mesh_14,59,FALSE,4,62926.7989660148,73716,3.10534933705166,cv_canopy_height_900m_coef_luengue-luiana_national_park_mesh_14_1000m_local_density_parks,builds/cv_park_models/cv_canopy_height_900m_coef_luengue-luiana_national_park_mesh_14_1000m_local_density_parks.Rds,Canopy Height Trend
Luengue-Luiana National Park,canopy_height_900m_coef,32,150,mesh_15,59,TRUE,5,62941.7339044385,73716,3.10608635533155,cv_canopy_height_900m_coef_luengue-luiana_national_park_mesh_15_1000m_local_density_parks,builds/cv_park_models/cv_canopy_height_900m_coef_luengue-luiana_national_park_mesh_15_1000m_local_density_parks.Rds,Canopy Height Trend
Limpopo,tree_cover_1000m_coef,2,50,mesh_1,1772,TRUE,5,-8031.42334088531,73716,-1.07659830306774,cv_tree_cover_1000m_coef_limpopo_mesh_1_1000m_local_density_parks,builds/cv_park_models/cv_tree_cover_1000m_coef_limpopo_mesh_1_1000m_local_density_parks.Rds,Woody Cover Trend
Limpopo,tree_cover_1000m_coef,2,100,mesh_2,1772,TRUE,5,-8027.17821144564,73716,-1.07602925086403,cv_tree_cover_1000m_coef_limpopo_mesh_2_1000m_local_density_parks,builds/cv_park_models/cv_tree_cover_1000m_coef_limpopo_mesh_2_1000m_local_density_parks.Rds,Woody Cover Trend
Limpopo,tree_cover_1000m_coef,2,150,mesh_3,1772,TRUE,5,-8141.59655993666,73716,-1.09136683109071,cv_tree_cover_1000m_coef_limpopo_mesh_3_1000m_local_density_parks,builds/cv_park_models/cv_tree_cover_1000m_coef_limpopo_mesh_3_1000m_local_density_parks.Rds,Woody Cover Trend
Limpopo,tree_cover_1000m_coef,4,50,mesh_4,704,TRUE,5,-9051.95738925464,73716,-1.2133991138411,cv_tree_cover_1000m_coef_limpopo_mesh_4_1000m_local_density_parks,builds/cv_park_models/cv_tree_cover_1000m_coef_limpopo_mesh_4_1000m_local_density_parks.Rds,Woody Cover Trend
Limpopo,tree_cover_1000m_coef,4,100,mesh_5,704,TRUE,5,-9047.33490909199,73716,-1.21277947843056,cv_tree_cover_1000m_coef_limpopo_mesh_5_1000m_local_density_parks,builds/cv_park_models/cv_tree_cover_1000m_coef_limpopo_mesh_5_1000m_local_density_parks.Rds,Woody Cover Trend
Limpopo,tree_cover_1000m_coef,4,150,mesh_6,704,TRUE,5,-9063.38274054512,73716,-1.21493066227146,cv_tree_cover_1000m_coef_limpopo_mesh_6_1000m_local_density_parks,builds/cv_park_models/cv_tree_cover_1000m_coef_limpopo_mesh_6_1000m_local_density_parks.Rds,Woody Cover Trend
Limpopo,tree_cover_1000m_coef,8,50,mesh_7,234,TRUE,5,-10233.7422783105,73716,-1.37181531880837,cv_tree_cover_1000m_coef_limpopo_mesh_7_1000m_local_density_parks,builds/cv_park_models/cv_tree_cover_1000m_coef_limpopo_mesh_7_1000m_local_density_parks.Rds,Woody Cover Trend
Limpopo,tree_cover_1000m_coef,8,100,mesh_8,234,TRUE,5,-10207.370330392,73716,-1.36828020514638,cv_tree_cover_1000m_coef_limpopo_mesh_8_1000m_local_density_parks,builds/cv_park_models/cv_tree_cover_1000m_coef_limpopo_mesh_8_1000m_local_density_parks.Rds,Woody Cover Trend
Limpopo,tree_cover_1000m_coef,8,150,mesh_9,234,FALSE,4,-10248.6093155541,73716,-1.37380821924317,cv_tree_cover_1000m_coef_limpopo_mesh_9_1000m_local_density_parks,builds/cv_park_models/cv_tree_cover_1000m_coef_limpopo_mesh_9_1000m_local_density_parks.Rds,Woody Cover Trend
Limpopo,tree_cover_1000m_coef,16,50,mesh_10,90,TRUE,5,-11056.3322243009,73716,-1.48208206760065,cv_tree_cover_1000m_coef_limpopo_mesh_10_1000m_local_density_parks,builds/cv_park_models/cv_tree_cover_1000m_coef_limpopo_mesh_10_1000m_local_density_parks.Rds,Woody Cover Trend
Limpopo,tree_cover_1000m_coef,16,100,mesh_11,90,TRUE,5,-11054.0218483403,73716,-1.48177236572926,cv_tree_cover_1000m_coef_limpopo_mesh_11_1000m_local_density_parks,builds/cv_park_models/cv_tree_cover_1000m_coef_limpopo_mesh_11_1000m_local_density_parks.Rds,Woody Cover Trend
Limpopo,tree_cover_1000m_coef,16,150,mesh_12,90,TRUE,5,-11050.8804801193,73716,-1.48135127079347,cv_tree_cover_1000m_coef_limpopo_mesh_12_1000m_local_density_parks,builds/cv_park_models/cv_tree_cover_1000m_coef_limpopo_mesh_12_1000m_local_density_parks.Rds,Woody Cover Trend
Limpopo,tree_cover_1000m_coef,32,150,mesh_15,38,FALSE,4,-11956.2657462999,73716,-1.60271658797586,cv_tree_cover_1000m_coef_limpopo_mesh_15_1000m_local_density_parks,builds/cv_park_models/cv_tree_cover_1000m_coef_limpopo_mesh_15_1000m_local_density_parks.Rds,Woody Cover Trend
Limpopo,canopy_height_900m_coef,2,50,mesh_1,1772,FALSE,3,29570.1423976063,73716,3.96382605866037,cv_canopy_height_900m_coef_limpopo_mesh_1_1000m_local_density_parks,builds/cv_park_models/cv_canopy_height_900m_coef_limpopo_mesh_1_1000m_local_density_parks.Rds,Canopy Height Trend
Limpopo,canopy_height_900m_coef,2,100,mesh_2,1772,FALSE,3,29541.8322788525,73716,3.96003113657541,cv_canopy_height_900m_coef_limpopo_mesh_2_1000m_local_density_parks,builds/cv_park_models/cv_canopy_height_900m_coef_limpopo_mesh_2_1000m_local_density_parks.Rds,Canopy Height Trend
Limpopo,canopy_height_900m_coef,2,150,mesh_3,1772,FALSE,4,29456.1095028891,73716,3.94854014784036,cv_canopy_height_900m_coef_limpopo_mesh_3_1000m_local_density_parks,builds/cv_park_models/cv_canopy_height_900m_coef_limpopo_mesh_3_1000m_local_density_parks.Rds,Canopy Height Trend
Limpopo,canopy_height_900m_coef,4,50,mesh_4,704,TRUE,5,28399.9063195017,73716,3.80695795167584,cv_canopy_height_900m_coef_limpopo_mesh_4_1000m_local_density_parks,builds/cv_park_models/cv_canopy_height_900m_coef_limpopo_mesh_4_1000m_local_density_parks.Rds,Canopy Height Trend
Limpopo,canopy_height_900m_coef,4,100,mesh_5,704,TRUE,5,28369.4294923101,73716,3.80287258610055,cv_canopy_height_900m_coef_limpopo_mesh_5_1000m_local_density_parks,builds/cv_park_models/cv_canopy_height_900m_coef_limpopo_mesh_5_1000m_local_density_parks.Rds,Canopy Height Trend
Limpopo,canopy_height_900m_coef,4,150,mesh_6,704,TRUE,5,28361.8709927522,73716,3.80185938240646,cv_canopy_height_900m_coef_limpopo_mesh_6_1000m_local_density_parks,builds/cv_park_models/cv_canopy_height_900m_coef_limpopo_mesh_6_1000m_local_density_parks.Rds,Canopy Height Trend
Limpopo,canopy_height_900m_coef,8,50,mesh_7,234,TRUE,5,27271.9499270152,73716,3.65575736287066,cv_canopy_height_900m_coef_limpopo_mesh_7_1000m_local_density_parks,builds/cv_park_models/cv_canopy_height_900m_coef_limpopo_mesh_7_1000m_local_density_parks.Rds,Canopy Height Trend
Limpopo,canopy_height_900m_coef,8,100,mesh_8,234,TRUE,5,27238.91101685,73716,3.65132855453753,cv_canopy_height_900m_coef_limpopo_mesh_8_1000m_local_density_parks,builds/cv_park_models/cv_canopy_height_900m_coef_limpopo_mesh_8_1000m_local_density_parks.Rds,Canopy Height Trend
Limpopo,canopy_height_900m_coef,8,150,mesh_9,234,TRUE,5,27265.0957220848,73716,3.65483856864408,cv_canopy_height_900m_coef_limpopo_mesh_9_1000m_local_density_parks,builds/cv_park_models/cv_canopy_height_900m_coef_limpopo_mesh_9_1000m_local_density_parks.Rds,Canopy Height Trend
Limpopo,canopy_height_900m_coef,16,50,mesh_10,90,TRUE,5,26207.1090450152,73716,3.51301729825941,cv_canopy_height_900m_coef_limpopo_mesh_10_1000m_local_density_parks,builds/cv_park_models/cv_canopy_height_900m_coef_limpopo_mesh_10_1000m_local_density_parks.Rds,Canopy Height Trend
Limpopo,canopy_height_900m_coef,16,100,mesh_11,90,TRUE,5,26219.1777240347,73716,3.51463508365077,cv_canopy_height_900m_coef_limpopo_mesh_11_1000m_local_density_parks,builds/cv_park_models/cv_canopy_height_900m_coef_limpopo_mesh_11_1000m_local_density_parks.Rds,Canopy Height Trend
Limpopo,canopy_height_900m_coef,16,150,mesh_12,90,TRUE,5,26234.6037618229,73716,3.51670291713444,cv_canopy_height_900m_coef_limpopo_mesh_12_1000m_local_density_parks,builds/cv_park_models/cv_canopy_height_900m_coef_limpopo_mesh_12_1000m_local_density_parks.Rds,Canopy Height Trend
Limpopo,canopy_height_900m_coef,32,150,mesh_15,38,FALSE,3,25536.876868883,73716,3.42317384301381,cv_canopy_height_900m_coef_limpopo_mesh_15_1000m_local_density_parks,builds/cv_park_models/cv_canopy_height_900m_coef_limpopo_mesh_15_1000m_local_density_parks.Rds,Canopy Height Trend
Kruger National Park,tree_cover_1000m_coef,2,50,mesh_1,2107,TRUE,5,-6447.07087965517,73716,-1.01178136843301,cv_tree_cover_1000m_coef_kruger_national_park_mesh_1_1000m_local_density_parks,builds/cv_park_models/cv_tree_cover_1000m_coef_kruger_national_park_mesh_1_1000m_local_density_parks.Rds,Woody Cover Trend
Kruger National Park,tree_cover_1000m_coef,2,100,mesh_2,2107,TRUE,5,-6454.21362947767,73716,-1.01290232728777,cv_tree_cover_1000m_coef_kruger_national_park_mesh_2_1000m_local_density_parks,builds/cv_park_models/cv_tree_cover_1000m_coef_kruger_national_park_mesh_2_1000m_local_density_parks.Rds,Woody Cover Trend
Kruger National Park,tree_cover_1000m_coef,2,150,mesh_3,2107,TRUE,5,-6433.65925617742,73716,-1.00967659387593,cv_tree_cover_1000m_coef_kruger_national_park_mesh_3_1000m_local_density_parks,builds/cv_park_models/cv_tree_cover_1000m_coef_kruger_national_park_mesh_3_1000m_local_density_parks.Rds,Woody Cover Trend
Kruger National Park,tree_cover_1000m_coef,4,50,mesh_4,907,TRUE,5,-7029.51496579551,73716,-1.1031881616126,cv_tree_cover_1000m_coef_kruger_national_park_mesh_4_1000m_local_density_parks,builds/cv_park_models/cv_tree_cover_1000m_coef_kruger_national_park_mesh_4_1000m_local_density_parks.Rds,Woody Cover Trend
Kruger National Park,tree_cover_1000m_coef,4,100,mesh_5,907,TRUE,5,-7039.85421451483,73716,-1.1048107681285,cv_tree_cover_1000m_coef_kruger_national_park_mesh_5_1000m_local_density_parks,builds/cv_park_models/cv_tree_cover_1000m_coef_kruger_national_park_mesh_5_1000m_local_density_parks.Rds,Woody Cover Trend
Kruger National Park,tree_cover_1000m_coef,4,150,mesh_6,907,TRUE,5,-7034.4146650939,73716,-1.10395710374983,cv_tree_cover_1000m_coef_kruger_national_park_mesh_6_1000m_local_density_parks,builds/cv_park_models/cv_tree_cover_1000m_coef_kruger_national_park_mesh_6_1000m_local_density_parks.Rds,Woody Cover Trend
Kruger National Park,tree_cover_1000m_coef,8,50,mesh_7,359,TRUE,5,-7962.68482336695,73716,-1.24963666405633,cv_tree_cover_1000m_coef_kruger_national_park_mesh_7_1000m_local_density_parks,builds/cv_park_models/cv_tree_cover_1000m_coef_kruger_national_park_mesh_7_1000m_local_density_parks.Rds,Woody Cover Trend
Kruger National Park,tree_cover_1000m_coef,8,100,mesh_8,359,TRUE,5,-7945.70928408943,73716,-1.24697258067945,cv_tree_cover_1000m_coef_kruger_national_park_mesh_8_1000m_local_density_parks,builds/cv_park_models/cv_tree_cover_1000m_coef_kruger_national_park_mesh_8_1000m_local_density_parks.Rds,Woody Cover Trend
Kruger National Park,tree_cover_1000m_coef,8,150,mesh_9,359,TRUE,5,-7943.56583344098,73716,-1.24663619482752,cv_tree_cover_1000m_coef_kruger_national_park_mesh_9_1000m_local_density_parks,builds/cv_park_models/cv_tree_cover_1000m_coef_kruger_national_park_mesh_9_1000m_local_density_parks.Rds,Woody Cover Trend
Kruger National Park,tree_cover_1000m_coef,16,50,mesh_10,144,TRUE,5,-8905.78001328841,73716,-1.39764281438927,cv_tree_cover_1000m_coef_kruger_national_park_mesh_10_1000m_local_density_parks,builds/cv_park_models/cv_tree_cover_1000m_coef_kruger_national_park_mesh_10_1000m_local_density_parks.Rds,Woody Cover Trend
Kruger National Park,tree_cover_1000m_coef,16,100,mesh_11,140,TRUE,5,-8907.30491678035,73716,-1.39788212755498,cv_tree_cover_1000m_coef_kruger_national_park_mesh_11_1000m_local_density_parks,builds/cv_park_models/cv_tree_cover_1000m_coef_kruger_national_park_mesh_11_1000m_local_density_parks.Rds,Woody Cover Trend
Kruger National Park,tree_cover_1000m_coef,16,150,mesh_12,140,TRUE,5,-8903.92119241217,73716,-1.39735109736537,cv_tree_cover_1000m_coef_kruger_national_park_mesh_12_1000m_local_density_parks,builds/cv_park_models/cv_tree_cover_1000m_coef_kruger_national_park_mesh_12_1000m_local_density_parks.Rds,Woody Cover Trend
Kruger National Park,tree_cover_1000m_coef,32,50,mesh_13,63,TRUE,5,-9296.67666955279,73716,-1.45898880564231,cv_tree_cover_1000m_coef_kruger_national_park_mesh_13_1000m_local_density_parks,builds/cv_park_models/cv_tree_cover_1000m_coef_kruger_national_park_mesh_13_1000m_local_density_parks.Rds,Woody Cover Trend
Kruger National Park,tree_cover_1000m_coef,32,100,mesh_14,62,TRUE,5,-9289.34366213713,73716,-1.45783798840821,cv_tree_cover_1000m_coef_kruger_national_park_mesh_14_1000m_local_density_parks,builds/cv_park_models/cv_tree_cover_1000m_coef_kruger_national_park_mesh_14_1000m_local_density_parks.Rds,Woody Cover Trend
Kruger National Park,tree_cover_1000m_coef,32,150,mesh_15,62,TRUE,5,-9295.73049023095,73716,-1.45884031547881,cv_tree_cover_1000m_coef_kruger_national_park_mesh_15_1000m_local_density_parks,builds/cv_park_models/cv_tree_cover_1000m_coef_kruger_national_park_mesh_15_1000m_local_density_parks.Rds,Woody Cover Trend
Kruger National Park,canopy_height_900m_coef,2,50,mesh_1,2107,TRUE,5,26693.0283158662,73716,4.18911304392125,cv_canopy_height_900m_coef_kruger_national_park_mesh_1_1000m_local_density_parks,builds/cv_park_models/cv_canopy_height_900m_coef_kruger_national_park_mesh_1_1000m_local_density_parks.Rds,Canopy Height Trend
Kruger National Park,canopy_height_900m_coef,2,100,mesh_2,2107,TRUE,5,26657.9494436494,73716,4.18360788506738,cv_canopy_height_900m_coef_kruger_national_park_mesh_2_1000m_local_density_parks,builds/cv_park_models/cv_canopy_height_900m_coef_kruger_national_park_mesh_2_1000m_local_density_parks.Rds,Canopy Height Trend
Kruger National Park,canopy_height_900m_coef,2,150,mesh_3,2107,TRUE,5,26663.0164752187,73716,4.18440308776188,cv_canopy_height_900m_coef_kruger_national_park_mesh_3_1000m_local_density_parks,builds/cv_park_models/cv_canopy_height_900m_coef_kruger_national_park_mesh_3_1000m_local_density_parks.Rds,Canopy Height Trend
Kruger National Park,canopy_height_900m_coef,4,50,mesh_4,907,TRUE,5,26041.7083218503,73716,4.08689710010205,cv_canopy_height_900m_coef_kruger_national_park_mesh_4_1000m_local_density_parks,builds/cv_park_models/cv_canopy_height_900m_coef_kruger_national_park_mesh_4_1000m_local_density_parks.Rds,Canopy Height Trend
Kruger National Park,canopy_height_900m_coef,4,100,mesh_5,907,TRUE,5,26038.3176990522,73716,4.08636498729633,cv_canopy_height_900m_coef_kruger_national_park_mesh_5_1000m_local_density_parks,builds/cv_park_models/cv_canopy_height_900m_coef_kruger_national_park_mesh_5_1000m_local_density_parks.Rds,Canopy Height Trend
Kruger National Park,canopy_height_900m_coef,8,50,mesh_7,359,TRUE,5,24826.7719940446,73716,3.89622912649789,cv_canopy_height_900m_coef_kruger_national_park_mesh_7_1000m_local_density_parks,builds/cv_park_models/cv_canopy_height_900m_coef_kruger_national_park_mesh_7_1000m_local_density_parks.Rds,Canopy Height Trend
Kruger National Park,canopy_height_900m_coef,8,100,mesh_8,359,FALSE,4,24836.7424755007,73716,3.89779385993419,cv_canopy_height_900m_coef_kruger_national_park_mesh_8_1000m_local_density_parks,builds/cv_park_models/cv_canopy_height_900m_coef_kruger_national_park_mesh_8_1000m_local_density_parks.Rds,Canopy Height Trend
Kruger National Park,canopy_height_900m_coef,8,150,mesh_9,359,TRUE,5,24827.3628421918,73716,3.89632185219583,cv_canopy_height_900m_coef_kruger_national_park_mesh_9_1000m_local_density_parks,builds/cv_park_models/cv_canopy_height_900m_coef_kruger_national_park_mesh_9_1000m_local_density_parks.Rds,Canopy Height Trend
Kruger National Park,canopy_height_900m_coef,16,50,mesh_10,144,TRUE,5,23912.8785255153,73716,3.75280579496474,cv_canopy_height_900m_coef_kruger_national_park_mesh_10_1000m_local_density_parks,builds/cv_park_models/cv_canopy_height_900m_coef_kruger_national_park_mesh_10_1000m_local_density_parks.Rds,Canopy Height Trend
Kruger National Park,canopy_height_900m_coef,16,100,mesh_11,140,FALSE,4,23946.4705582691,73716,3.75807761429208,cv_canopy_height_900m_coef_kruger_national_park_mesh_11_1000m_local_density_parks,builds/cv_park_models/cv_canopy_height_900m_coef_kruger_national_park_mesh_11_1000m_local_density_parks.Rds,Canopy Height Trend
Kruger National Park,canopy_height_900m_coef,16,150,mesh_12,140,FALSE,4,23933.1632031471,73716,3.75598920325598,cv_canopy_height_900m_coef_kruger_national_park_mesh_12_1000m_local_density_parks,builds/cv_park_models/cv_canopy_height_900m_coef_kruger_national_park_mesh_12_1000m_local_density_parks.Rds,Canopy Height Trend
Kruger National Park,canopy_height_900m_coef,32,50,mesh_13,63,TRUE,5,23485.6483684081,73716,3.68575774770999,cv_canopy_height_900m_coef_kruger_national_park_mesh_13_1000m_local_density_parks,builds/cv_park_models/cv_canopy_height_900m_coef_kruger_national_park_mesh_13_1000m_local_density_parks.Rds,Canopy Height Trend
Kruger National Park,canopy_height_900m_coef,32,100,mesh_14,62,TRUE,5,23481.3414426761,73716,3.68508183343943,cv_canopy_height_900m_coef_kruger_national_park_mesh_14_1000m_local_density_parks,builds/cv_park_models/cv_canopy_height_900m_coef_kruger_national_park_mesh_14_1000m_local_density_parks.Rds,Canopy Height Trend
Kruger National Park,canopy_height_900m_coef,32,150,mesh_15,62,TRUE,5,23499.5953433671,73716,3.68794653850708,cv_canopy_height_900m_coef_kruger_national_park_mesh_15_1000m_local_density_parks,builds/cv_park_models/cv_canopy_height_900m_coef_kruger_national_park_mesh_15_1000m_local_density_parks.Rds,Canopy Height Trend
Khaudum,tree_cover_1000m_coef,2,50,mesh_1,659,TRUE,5,-893.327955104687,73716,-0.353373399962297,cv_tree_cover_1000m_coef_khaudum_mesh_1_1000m_local_density_parks,builds/cv_park_models/cv_tree_cover_1000m_coef_khaudum_mesh_1_1000m_local_density_parks.Rds,Woody Cover Trend
Khaudum,tree_cover_1000m_coef,2,100,mesh_2,659,TRUE,5,-927.964697233111,73716,-0.367074642892845,cv_tree_cover_1000m_coef_khaudum_mesh_2_1000m_local_density_parks,builds/cv_park_models/cv_tree_cover_1000m_coef_khaudum_mesh_2_1000m_local_density_parks.Rds,Woody Cover Trend
Khaudum,tree_cover_1000m_coef,2,150,mesh_3,659,TRUE,5,-931.081712978228,73716,-0.368307639627464,cv_tree_cover_1000m_coef_khaudum_mesh_3_1000m_local_density_parks,builds/cv_park_models/cv_tree_cover_1000m_coef_khaudum_mesh_3_1000m_local_density_parks.Rds,Woody Cover Trend
Khaudum,tree_cover_1000m_coef,4,50,mesh_4,264,TRUE,5,-1271.54016583243,73716,-0.502982660534978,cv_tree_cover_1000m_coef_khaudum_mesh_4_1000m_local_density_parks,builds/cv_park_models/cv_tree_cover_1000m_coef_khaudum_mesh_4_1000m_local_density_parks.Rds,Woody Cover Trend
Khaudum,tree_cover_1000m_coef,4,100,mesh_5,264,TRUE,5,-1286.45847663958,73716,-0.508883891075785,cv_tree_cover_1000m_coef_khaudum_mesh_5_1000m_local_density_parks,builds/cv_park_models/cv_tree_cover_1000m_coef_khaudum_mesh_5_1000m_local_density_parks.Rds,Woody Cover Trend
Khaudum,tree_cover_1000m_coef,4,150,mesh_6,264,TRUE,5,-1250.91630931139,73716,-0.494824489442797,cv_tree_cover_1000m_coef_khaudum_mesh_6_1000m_local_density_parks,builds/cv_park_models/cv_tree_cover_1000m_coef_khaudum_mesh_6_1000m_local_density_parks.Rds,Woody Cover Trend
Khaudum,tree_cover_1000m_coef,8,50,mesh_7,100,TRUE,5,-1745.57189614655,73716,-0.690495212083286,cv_tree_cover_1000m_coef_khaudum_mesh_7_1000m_local_density_parks,builds/cv_park_models/cv_tree_cover_1000m_coef_khaudum_mesh_7_1000m_local_density_parks.Rds,Woody Cover Trend
Khaudum,tree_cover_1000m_coef,8,100,mesh_8,100,TRUE,5,-1742.82358200257,73716,-0.689408062501018,cv_tree_cover_1000m_coef_khaudum_mesh_8_1000m_local_density_parks,builds/cv_park_models/cv_tree_cover_1000m_coef_khaudum_mesh_8_1000m_local_density_parks.Rds,Woody Cover Trend
Khaudum,tree_cover_1000m_coef,8,150,mesh_9,100,TRUE,5,-1721.44403043541,73716,-0.680950961406413,cv_tree_cover_1000m_coef_khaudum_mesh_9_1000m_local_density_parks,builds/cv_park_models/cv_tree_cover_1000m_coef_khaudum_mesh_9_1000m_local_density_parks.Rds,Woody Cover Trend
Khaudum,tree_cover_1000m_coef,16,50,mesh_10,45,TRUE,5,-1913.57824234076,73716,-0.756953418647453,cv_tree_cover_1000m_coef_khaudum_mesh_10_1000m_local_density_parks,builds/cv_park_models/cv_tree_cover_1000m_coef_khaudum_mesh_10_1000m_local_density_parks.Rds,Woody Cover Trend
Khaudum,tree_cover_1000m_coef,16,100,mesh_11,45,FALSE,4,-1897.29552389028,73716,-0.750512469893307,cv_tree_cover_1000m_coef_khaudum_mesh_11_1000m_local_density_parks,builds/cv_park_models/cv_tree_cover_1000m_coef_khaudum_mesh_11_1000m_local_density_parks.Rds,Woody Cover Trend
Khaudum,tree_cover_1000m_coef,16,150,mesh_12,45,TRUE,5,-1902.45799382263,73716,-0.752554586164016,cv_tree_cover_1000m_coef_khaudum_mesh_12_1000m_local_density_parks,builds/cv_park_models/cv_tree_cover_1000m_coef_khaudum_mesh_12_1000m_local_density_parks.Rds,Woody Cover Trend
Khaudum,canopy_height_900m_coef,2,50,mesh_1,659,TRUE,5,10689.9212271263,73716,4.22860808035059,cv_canopy_height_900m_coef_khaudum_mesh_1_1000m_local_density_parks,builds/cv_park_models/cv_canopy_height_900m_coef_khaudum_mesh_1_1000m_local_density_parks.Rds,Canopy Height Trend
Khaudum,canopy_height_900m_coef,2,100,mesh_2,659,TRUE,5,10706.1328727062,73716,4.2350209148363,cv_canopy_height_900m_coef_khaudum_mesh_2_1000m_local_density_parks,builds/cv_park_models/cv_canopy_height_900m_coef_khaudum_mesh_2_1000m_local_density_parks.Rds,Canopy Height Trend
Khaudum,canopy_height_900m_coef,2,150,mesh_3,659,TRUE,5,10670.374390515,73716,4.22087594561513,cv_canopy_height_900m_coef_khaudum_mesh_3_1000m_local_density_parks,builds/cv_park_models/cv_canopy_height_900m_coef_khaudum_mesh_3_1000m_local_density_parks.Rds,Canopy Height Trend
Khaudum,canopy_height_900m_coef,4,50,mesh_4,264,TRUE,5,10372.5664470635,73716,4.10307217051563,cv_canopy_height_900m_coef_khaudum_mesh_4_1000m_local_density_parks,builds/cv_park_models/cv_canopy_height_900m_coef_khaudum_mesh_4_1000m_local_density_parks.Rds,Canopy Height Trend
Khaudum,canopy_height_900m_coef,4,100,mesh_5,264,TRUE,5,10374.5104423975,73716,4.10384115601166,cv_canopy_height_900m_coef_khaudum_mesh_5_1000m_local_density_parks,builds/cv_park_models/cv_canopy_height_900m_coef_khaudum_mesh_5_1000m_local_density_parks.Rds,Canopy Height Trend
Khaudum,canopy_height_900m_coef,4,150,mesh_6,264,TRUE,5,10371.04563282,73716,4.10247058260286,cv_canopy_height_900m_coef_khaudum_mesh_6_1000m_local_density_parks,builds/cv_park_models/cv_canopy_height_900m_coef_khaudum_mesh_6_1000m_local_density_parks.Rds,Canopy Height Trend
Khaudum,canopy_height_900m_coef,8,50,mesh_7,100,FALSE,3,9854.3399872685,73716,3.89807752660938,cv_canopy_height_900m_coef_khaudum_mesh_7_1000m_local_density_parks,builds/cv_park_models/cv_canopy_height_900m_coef_khaudum_mesh_7_1000m_local_density_parks.Rds,Canopy Height Trend
Khaudum,canopy_height_900m_coef,16,50,mesh_10,45,TRUE,5,9620.89810667992,73716,3.80573501055377,cv_canopy_height_900m_coef_khaudum_mesh_10_1000m_local_density_parks,builds/cv_park_models/cv_canopy_height_900m_coef_khaudum_mesh_10_1000m_local_density_parks.Rds,Canopy Height Trend
Khaudum,canopy_height_900m_coef,16,100,mesh_11,45,TRUE,5,9619.70213344281,73716,3.80526191987453,cv_canopy_height_900m_coef_khaudum_mesh_11_1000m_local_density_parks,builds/cv_park_models/cv_canopy_height_900m_coef_khaudum_mesh_11_1000m_local_density_parks.Rds,Canopy Height Trend
Khaudum,canopy_height_900m_coef,16,150,mesh_12,45,FALSE,4,9624.2993560136,73716,3.80708044146108,cv_canopy_height_900m_coef_khaudum_mesh_12_1000m_local_density_parks,builds/cv_park_models/cv_canopy_height_900m_coef_khaudum_mesh_12_1000m_local_density_parks.Rds,Canopy Height Trend
Khaudum,canopy_height_900m_coef,32,50,mesh_13,29,FALSE,4,9504.73736822651,73716,3.75978535135543,cv_canopy_height_900m_coef_khaudum_mesh_13_1000m_local_density_parks,builds/cv_park_models/cv_canopy_height_900m_coef_khaudum_mesh_13_1000m_local_density_parks.Rds,Canopy Height Trend
Khaudum,canopy_height_900m_coef,32,100,mesh_14,29,TRUE,5,9509.84882918151,73716,3.76180729002433,cv_canopy_height_900m_coef_khaudum_mesh_14_1000m_local_density_parks,builds/cv_park_models/cv_canopy_height_900m_coef_khaudum_mesh_14_1000m_local_density_parks.Rds,Canopy Height Trend
Khaudum,canopy_height_900m_coef,32,150,mesh_15,29,FALSE,4,9509.59367154088,73716,3.76170635741332,cv_canopy_height_900m_coef_khaudum_mesh_15_1000m_local_density_parks,builds/cv_park_models/cv_canopy_height_900m_coef_khaudum_mesh_15_1000m_local_density_parks.Rds,Canopy Height Trend
Kasungu National Park,tree_cover_1000m_coef,2,50,mesh_1,501,TRUE,5,-2010.75222842776,73716,-1.1457277654859,cv_tree_cover_1000m_coef_kasungu_national_park_mesh_1_1000m_local_density_parks,builds/cv_park_models/cv_tree_cover_1000m_coef_kasungu_national_park_mesh_1_1000m_local_density_parks.Rds,Woody Cover Trend
Kasungu National Park,tree_cover_1000m_coef,2,100,mesh_2,501,TRUE,5,-2038.85025238842,73716,-1.16173803554896,cv_tree_cover_1000m_coef_kasungu_national_park_mesh_2_1000m_local_density_parks,builds/cv_park_models/cv_tree_cover_1000m_coef_kasungu_national_park_mesh_2_1000m_local_density_parks.Rds,Woody Cover Trend
Kasungu National Park,tree_cover_1000m_coef,2,150,mesh_3,501,TRUE,5,-2019.34346421032,73716,-1.15062305653009,cv_tree_cover_1000m_coef_kasungu_national_park_mesh_3_1000m_local_density_parks,builds/cv_park_models/cv_tree_cover_1000m_coef_kasungu_national_park_mesh_3_1000m_local_density_parks.Rds,Woody Cover Trend
Kasungu National Park,tree_cover_1000m_coef,4,50,mesh_4,196,TRUE,5,-2189.73434041471,73716,-1.24771187488018,cv_tree_cover_1000m_coef_kasungu_national_park_mesh_4_1000m_local_density_parks,builds/cv_park_models/cv_tree_cover_1000m_coef_kasungu_national_park_mesh_4_1000m_local_density_parks.Rds,Woody Cover Trend
Kasungu National Park,tree_cover_1000m_coef,4,100,mesh_5,196,TRUE,5,-2205.53096900147,73716,-1.25671280284984,cv_tree_cover_1000m_coef_kasungu_national_park_mesh_5_1000m_local_density_parks,builds/cv_park_models/cv_tree_cover_1000m_coef_kasungu_national_park_mesh_5_1000m_local_density_parks.Rds,Woody Cover Trend
Kasungu National Park,tree_cover_1000m_coef,4,150,mesh_6,196,TRUE,5,-2235.51860231787,73716,-1.2737997734005,cv_tree_cover_1000m_coef_kasungu_national_park_mesh_6_1000m_local_density_parks,builds/cv_park_models/cv_tree_cover_1000m_coef_kasungu_national_park_mesh_6_1000m_local_density_parks.Rds,Woody Cover Trend
Kasungu National Park,tree_cover_1000m_coef,8,50,mesh_7,83,TRUE,5,-2545.27958654592,73716,-1.45030175871562,cv_tree_cover_1000m_coef_kasungu_national_park_mesh_7_1000m_local_density_parks,builds/cv_park_models/cv_tree_cover_1000m_coef_kasungu_national_park_mesh_7_1000m_local_density_parks.Rds,Woody Cover Trend
Kasungu National Park,tree_cover_1000m_coef,8,100,mesh_8,83,TRUE,5,-2502.39458984082,73716,-1.42586586315716,cv_tree_cover_1000m_coef_kasungu_national_park_mesh_8_1000m_local_density_parks,builds/cv_park_models/cv_tree_cover_1000m_coef_kasungu_national_park_mesh_8_1000m_local_density_parks.Rds,Woody Cover Trend
Kasungu National Park,tree_cover_1000m_coef,8,150,mesh_9,83,TRUE,5,-2511.66650569487,73716,-1.43114900609394,cv_tree_cover_1000m_coef_kasungu_national_park_mesh_9_1000m_local_density_parks,builds/cv_park_models/cv_tree_cover_1000m_coef_kasungu_national_park_mesh_9_1000m_local_density_parks.Rds,Woody Cover Trend
Kasungu National Park,tree_cover_1000m_coef,16,50,mesh_10,43,FALSE,4,-2772.2037082833,73716,-1.57960325258308,cv_tree_cover_1000m_coef_kasungu_national_park_mesh_10_1000m_local_density_parks,builds/cv_park_models/cv_tree_cover_1000m_coef_kasungu_national_park_mesh_10_1000m_local_density_parks.Rds,Woody Cover Trend
Kasungu National Park,tree_cover_1000m_coef,32,50,mesh_13,26,TRUE,5,-2915.14872212075,73716,-1.66105340291781,cv_tree_cover_1000m_coef_kasungu_national_park_mesh_13_1000m_local_density_parks,builds/cv_park_models/cv_tree_cover_1000m_coef_kasungu_national_park_mesh_13_1000m_local_density_parks.Rds,Woody Cover Trend
Kasungu National Park,tree_cover_1000m_coef,32,100,mesh_14,26,TRUE,5,-2916.57052452643,73716,-1.6618635467387,cv_tree_cover_1000m_coef_kasungu_national_park_mesh_14_1000m_local_density_parks,builds/cv_park_models/cv_tree_cover_1000m_coef_kasungu_national_park_mesh_14_1000m_local_density_parks.Rds,Woody Cover Trend
Kasungu National Park,tree_cover_1000m_coef,32,150,mesh_15,26,TRUE,5,-2908.84392184553,73716,-1.65746092412851,cv_tree_cover_1000m_coef_kasungu_national_park_mesh_15_1000m_local_density_parks,builds/cv_park_models/cv_tree_cover_1000m_coef_kasungu_national_park_mesh_15_1000m_local_density_parks.Rds,Woody Cover Trend
Kasungu National Park,canopy_height_900m_coef,2,50,mesh_1,501,FALSE,3,6400.5438958124,73716,3.64703355886746,cv_canopy_height_900m_coef_kasungu_national_park_mesh_1_1000m_local_density_parks,builds/cv_park_models/cv_canopy_height_900m_coef_kasungu_national_park_mesh_1_1000m_local_density_parks.Rds,Canopy Height Trend
Kasungu National Park,canopy_height_900m_coef,2,100,mesh_2,501,TRUE,5,6400.60113850876,73716,3.64706617578847,cv_canopy_height_900m_coef_kasungu_national_park_mesh_2_1000m_local_density_parks,builds/cv_park_models/cv_canopy_height_900m_coef_kasungu_national_park_mesh_2_1000m_local_density_parks.Rds,Canopy Height Trend
Kasungu National Park,canopy_height_900m_coef,2,150,mesh_3,501,FALSE,2,6371.17567042791,73716,3.63029952730935,cv_canopy_height_900m_coef_kasungu_national_park_mesh_3_1000m_local_density_parks,builds/cv_park_models/cv_canopy_height_900m_coef_kasungu_national_park_mesh_3_1000m_local_density_parks.Rds,Canopy Height Trend
Kasungu National Park,canopy_height_900m_coef,4,50,mesh_4,196,TRUE,5,6199.33040967765,73716,3.53238199981633,cv_canopy_height_900m_coef_kasungu_national_park_mesh_4_1000m_local_density_parks,builds/cv_park_models/cv_canopy_height_900m_coef_kasungu_national_park_mesh_4_1000m_local_density_parks.Rds,Canopy Height Trend
Kasungu National Park,canopy_height_900m_coef,4,100,mesh_5,196,TRUE,5,6196.29221506145,73716,3.53065083479285,cv_canopy_height_900m_coef_kasungu_national_park_mesh_5_1000m_local_density_parks,builds/cv_park_models/cv_canopy_height_900m_coef_kasungu_national_park_mesh_5_1000m_local_density_parks.Rds,Canopy Height Trend
Kasungu National Park,canopy_height_900m_coef,8,50,mesh_7,83,FALSE,4,5962.72082097205,73716,3.3975617213516,cv_canopy_height_900m_coef_kasungu_national_park_mesh_7_1000m_local_density_parks,builds/cv_park_models/cv_canopy_height_900m_coef_kasungu_national_park_mesh_7_1000m_local_density_parks.Rds,Canopy Height Trend
Kasungu National Park,canopy_height_900m_coef,8,100,mesh_8,83,TRUE,5,5978.78051733871,73716,3.40671254549214,cv_canopy_height_900m_coef_kasungu_national_park_mesh_8_1000m_local_density_parks,builds/cv_park_models/cv_canopy_height_900m_coef_kasungu_national_park_mesh_8_1000m_local_density_parks.Rds,Canopy Height Trend
Kasungu National Park,canopy_height_900m_coef,8,150,mesh_9,83,FALSE,3,5973.37164294358,73716,3.40363056577982,cv_canopy_height_900m_coef_kasungu_national_park_mesh_9_1000m_local_density_parks,builds/cv_park_models/cv_canopy_height_900m_coef_kasungu_national_park_mesh_9_1000m_local_density_parks.Rds,Canopy Height Trend
Kasungu National Park,canopy_height_900m_coef,16,50,mesh_10,43,TRUE,5,5723.7646580833,73716,3.26140436358023,cv_canopy_height_900m_coef_kasungu_national_park_mesh_10_1000m_local_density_parks,builds/cv_park_models/cv_canopy_height_900m_coef_kasungu_national_park_mesh_10_1000m_local_density_parks.Rds,Canopy Height Trend
Kasungu National Park,canopy_height_900m_coef,16,100,mesh_11,43,FALSE,4,5732.70576730883,73716,3.26649901271159,cv_canopy_height_900m_coef_kasungu_national_park_mesh_11_1000m_local_density_parks,builds/cv_park_models/cv_canopy_height_900m_coef_kasungu_national_park_mesh_11_1000m_local_density_parks.Rds,Canopy Height Trend
Kasungu National Park,canopy_height_900m_coef,16,150,mesh_12,43,TRUE,5,5718.74164219361,73716,3.25854224626417,cv_canopy_height_900m_coef_kasungu_national_park_mesh_12_1000m_local_density_parks,builds/cv_park_models/cv_canopy_height_900m_coef_kasungu_national_park_mesh_12_1000m_local_density_parks.Rds,Canopy Height Trend
Hwange,tree_cover_1000m_coef,2,50,mesh_1,2193,TRUE,5,-7640.21198372929,73716,-0.883057325904911,cv_tree_cover_1000m_coef_hwange_mesh_1_1000m_local_density_parks,builds/cv_park_models/cv_tree_cover_1000m_coef_hwange_mesh_1_1000m_local_density_parks.Rds,Woody Cover Trend
Hwange,tree_cover_1000m_coef,2,100,mesh_2,2193,FALSE,4,-7518.96399615686,73716,-0.869043457715772,cv_tree_cover_1000m_coef_hwange_mesh_2_1000m_local_density_parks,builds/cv_park_models/cv_tree_cover_1000m_coef_hwange_mesh_2_1000m_local_density_parks.Rds,Woody Cover Trend
Hwange,tree_cover_1000m_coef,2,150,mesh_3,2193,FALSE,4,-7573.2118806991,73716,-0.875313439747931,cv_tree_cover_1000m_coef_hwange_mesh_3_1000m_local_density_parks,builds/cv_park_models/cv_tree_cover_1000m_coef_hwange_mesh_3_1000m_local_density_parks.Rds,Woody Cover Trend
Hwange,tree_cover_1000m_coef,4,50,mesh_4,848,TRUE,5,-8566.34117098122,73716,-0.990099534325152,cv_tree_cover_1000m_coef_hwange_mesh_4_1000m_local_density_parks,builds/cv_park_models/cv_tree_cover_1000m_coef_hwange_mesh_4_1000m_local_density_parks.Rds,Woody Cover Trend
Hwange,tree_cover_1000m_coef,4,100,mesh_5,848,TRUE,5,-8513.60955338305,73716,-0.984004802748849,cv_tree_cover_1000m_coef_hwange_mesh_5_1000m_local_density_parks,builds/cv_park_models/cv_tree_cover_1000m_coef_hwange_mesh_5_1000m_local_density_parks.Rds,Woody Cover Trend
Hwange,tree_cover_1000m_coef,4,150,mesh_6,848,TRUE,5,-8570.93030860545,73716,-0.990629947827722,cv_tree_cover_1000m_coef_hwange_mesh_6_1000m_local_density_parks,builds/cv_park_models/cv_tree_cover_1000m_coef_hwange_mesh_6_1000m_local_density_parks.Rds,Woody Cover Trend
Hwange,tree_cover_1000m_coef,8,150,mesh_9,289,TRUE,5,-9648.02845537539,73716,-1.11512118069526,cv_tree_cover_1000m_coef_hwange_mesh_9_1000m_local_density_parks,builds/cv_park_models/cv_tree_cover_1000m_coef_hwange_mesh_9_1000m_local_density_parks.Rds,Woody Cover Trend
Hwange,tree_cover_1000m_coef,16,50,mesh_10,99,TRUE,5,-10576.4149346282,73716,-1.22242428740501,cv_tree_cover_1000m_coef_hwange_mesh_10_1000m_local_density_parks,builds/cv_park_models/cv_tree_cover_1000m_coef_hwange_mesh_10_1000m_local_density_parks.Rds,Woody Cover Trend
Hwange,tree_cover_1000m_coef,16,100,mesh_11,99,TRUE,5,-10590.4961792444,73716,-1.22405180065238,cv_tree_cover_1000m_coef_hwange_mesh_11_1000m_local_density_parks,builds/cv_park_models/cv_tree_cover_1000m_coef_hwange_mesh_11_1000m_local_density_parks.Rds,Woody Cover Trend
Hwange,tree_cover_1000m_coef,16,150,mesh_12,99,TRUE,5,-10579.27724577,73716,-1.22275511393551,cv_tree_cover_1000m_coef_hwange_mesh_12_1000m_local_density_parks,builds/cv_park_models/cv_tree_cover_1000m_coef_hwange_mesh_12_1000m_local_density_parks.Rds,Woody Cover Trend
Hwange,tree_cover_1000m_coef,32,100,mesh_14,42,TRUE,5,-11159.0421766141,73716,-1.28976446793968,cv_tree_cover_1000m_coef_hwange_mesh_14_1000m_local_density_parks,builds/cv_park_models/cv_tree_cover_1000m_coef_hwange_mesh_14_1000m_local_density_parks.Rds,Woody Cover Trend
Hwange,canopy_height_900m_coef,2,50,mesh_1,2193,FALSE,4,33525.2683477674,73716,3.87485764537302,cv_canopy_height_900m_coef_hwange_mesh_1_1000m_local_density_parks,builds/cv_park_models/cv_canopy_height_900m_coef_hwange_mesh_1_1000m_local_density_parks.Rds,Canopy Height Trend
Hwange,canopy_height_900m_coef,2,100,mesh_2,2193,TRUE,5,33409.0448025314,73716,3.86142450329766,cv_canopy_height_900m_coef_hwange_mesh_2_1000m_local_density_parks,builds/cv_park_models/cv_canopy_height_900m_coef_hwange_mesh_2_1000m_local_density_parks.Rds,Canopy Height Trend
Hwange,canopy_height_900m_coef,2,150,mesh_3,2193,TRUE,5,33565.3950304987,73716,3.87949549589675,cv_canopy_height_900m_coef_hwange_mesh_3_1000m_local_density_parks,builds/cv_park_models/cv_canopy_height_900m_coef_hwange_mesh_3_1000m_local_density_parks.Rds,Canopy Height Trend
Hwange,canopy_height_900m_coef,4,50,mesh_4,848,TRUE,5,32361.8849164747,73716,3.74039354097026,cv_canopy_height_900m_coef_hwange_mesh_4_1000m_local_density_parks,builds/cv_park_models/cv_canopy_height_900m_coef_hwange_mesh_4_1000m_local_density_parks.Rds,Canopy Height Trend
Hwange,canopy_height_900m_coef,4,100,mesh_5,848,TRUE,5,32324.3104451227,73716,3.73605067558053,cv_canopy_height_900m_coef_hwange_mesh_5_1000m_local_density_parks,builds/cv_park_models/cv_canopy_height_900m_coef_hwange_mesh_5_1000m_local_density_parks.Rds,Canopy Height Trend
Hwange,canopy_height_900m_coef,4,150,mesh_6,848,TRUE,5,32308.5462468806,73716,3.73422864619516,cv_canopy_height_900m_coef_hwange_mesh_6_1000m_local_density_parks,builds/cv_park_models/cv_canopy_height_900m_coef_hwange_mesh_6_1000m_local_density_parks.Rds,Canopy Height Trend
Hwange,canopy_height_900m_coef,8,50,mesh_7,289,FALSE,4,30665.4376361467,73716,3.54431780353059,cv_canopy_height_900m_coef_hwange_mesh_7_1000m_local_density_parks,builds/cv_park_models/cv_canopy_height_900m_coef_hwange_mesh_7_1000m_local_density_parks.Rds,Canopy Height Trend
Hwange,canopy_height_900m_coef,8,100,mesh_8,289,TRUE,5,30682.1082164623,73716,3.54624459274876,cv_canopy_height_900m_coef_hwange_mesh_8_1000m_local_density_parks,builds/cv_park_models/cv_canopy_height_900m_coef_hwange_mesh_8_1000m_local_density_parks.Rds,Canopy Height Trend
Hwange,canopy_height_900m_coef,8,150,mesh_9,289,TRUE,5,30678.2233343338,73716,3.54579557724616,cv_canopy_height_900m_coef_hwange_mesh_9_1000m_local_density_parks,builds/cv_park_models/cv_canopy_height_900m_coef_hwange_mesh_9_1000m_local_density_parks.Rds,Canopy Height Trend
Hwange,canopy_height_900m_coef,16,50,mesh_10,99,FALSE,3,29762.0915886761,73716,3.43990887525151,cv_canopy_height_900m_coef_hwange_mesh_10_1000m_local_density_parks,builds/cv_park_models/cv_canopy_height_900m_coef_hwange_mesh_10_1000m_local_density_parks.Rds,Canopy Height Trend
Hwange,canopy_height_900m_coef,16,100,mesh_11,99,TRUE,5,29761.4666812805,73716,3.43983664832183,cv_canopy_height_900m_coef_hwange_mesh_11_1000m_local_density_parks,builds/cv_park_models/cv_canopy_height_900m_coef_hwange_mesh_11_1000m_local_density_parks.Rds,Canopy Height Trend
Hwange,canopy_height_900m_coef,16,150,mesh_12,99,TRUE,5,29766.7791333381,73716,3.44045066266044,cv_canopy_height_900m_coef_hwange_mesh_12_1000m_local_density_parks,builds/cv_park_models/cv_canopy_height_900m_coef_hwange_mesh_12_1000m_local_density_parks.Rds,Canopy Height Trend
Hluhluwe – iMfolozi Park,tree_cover_1000m_coef,2,50,mesh_1,203,FALSE,4,-684.799435731061,73716,-1.0956790971697,cv_tree_cover_1000m_coef_hluhluwe_–_imfolozi_park_mesh_1_1000m_local_density_parks,builds/cv_park_models/cv_tree_cover_1000m_coef_hluhluwe_–_imfolozi_park_mesh_1_1000m_local_density_parks.Rds,Woody Cover Trend
Hluhluwe – iMfolozi Park,tree_cover_1000m_coef,2,100,mesh_2,203,FALSE,4,-693.107528537287,73716,-1.10897204565966,cv_tree_cover_1000m_coef_hluhluwe_–_imfolozi_park_mesh_2_1000m_local_density_parks,builds/cv_park_models/cv_tree_cover_1000m_coef_hluhluwe_–_imfolozi_park_mesh_2_1000m_local_density_parks.Rds,Woody Cover Trend
Hluhluwe – iMfolozi Park,tree_cover_1000m_coef,2,150,mesh_3,203,TRUE,5,-699.037017836634,73716,-1.11845922853861,cv_tree_cover_1000m_coef_hluhluwe_–_imfolozi_park_mesh_3_1000m_local_density_parks,builds/cv_park_models/cv_tree_cover_1000m_coef_hluhluwe_–_imfolozi_park_mesh_3_1000m_local_density_parks.Rds,Woody Cover Trend
Hluhluwe – iMfolozi Park,tree_cover_1000m_coef,4,100,mesh_5,104,TRUE,5,-732.268315775775,73716,-1.17162930524124,cv_tree_cover_1000m_coef_hluhluwe_–_imfolozi_park_mesh_5_1000m_local_density_parks,builds/cv_park_models/cv_tree_cover_1000m_coef_hluhluwe_–_imfolozi_park_mesh_5_1000m_local_density_parks.Rds,Woody Cover Trend
Hluhluwe – iMfolozi Park,tree_cover_1000m_coef,8,50,mesh_7,45,TRUE,5,-809.462603599486,73716,-1.29514016575918,cv_tree_cover_1000m_coef_hluhluwe_–_imfolozi_park_mesh_7_1000m_local_density_parks,builds/cv_park_models/cv_tree_cover_1000m_coef_hluhluwe_–_imfolozi_park_mesh_7_1000m_local_density_parks.Rds,Woody Cover Trend
Hluhluwe – iMfolozi Park,tree_cover_1000m_coef,32,50,mesh_13,23,TRUE,5,-872.487346685512,73716,-1.39597975469682,cv_tree_cover_1000m_coef_hluhluwe_–_imfolozi_park_mesh_13_1000m_local_density_parks,builds/cv_park_models/cv_tree_cover_1000m_coef_hluhluwe_–_imfolozi_park_mesh_13_1000m_local_density_parks.Rds,Woody Cover Trend
Hluhluwe – iMfolozi Park,tree_cover_1000m_coef,32,100,mesh_14,23,TRUE,5,-869.398233803465,73716,-1.39103717408554,cv_tree_cover_1000m_coef_hluhluwe_–_imfolozi_park_mesh_14_1000m_local_density_parks,builds/cv_park_models/cv_tree_cover_1000m_coef_hluhluwe_–_imfolozi_park_mesh_14_1000m_local_density_parks.Rds,Woody Cover Trend
Hluhluwe – iMfolozi Park,canopy_height_900m_coef,2,50,mesh_1,203,FALSE,4,2242.54944324798,73716,3.58807910919677,cv_canopy_height_900m_coef_hluhluwe_–_imfolozi_park_mesh_1_1000m_local_density_parks,builds/cv_park_models/cv_canopy_height_900m_coef_hluhluwe_–_imfolozi_park_mesh_1_1000m_local_density_parks.Rds,Canopy Height Trend
Hluhluwe – iMfolozi Park,canopy_height_900m_coef,2,100,mesh_2,203,TRUE,5,2219.99281168064,73716,3.55198849868902,cv_canopy_height_900m_coef_hluhluwe_–_imfolozi_park_mesh_2_1000m_local_density_parks,builds/cv_park_models/cv_canopy_height_900m_coef_hluhluwe_–_imfolozi_park_mesh_2_1000m_local_density_parks.Rds,Canopy Height Trend
Hluhluwe – iMfolozi Park,canopy_height_900m_coef,2,150,mesh_3,203,FALSE,4,2247.32144400232,73716,3.59571431040372,cv_canopy_height_900m_coef_hluhluwe_–_imfolozi_park_mesh_3_1000m_local_density_parks,builds/cv_park_models/cv_canopy_height_900m_coef_hluhluwe_–_imfolozi_park_mesh_3_1000m_local_density_parks.Rds,Canopy Height Trend
Hluhluwe – iMfolozi Park,canopy_height_900m_coef,4,50,mesh_4,104,TRUE,5,2229.15988785613,73716,3.56665582056981,cv_canopy_height_900m_coef_hluhluwe_–_imfolozi_park_mesh_4_1000m_local_density_parks,builds/cv_park_models/cv_canopy_height_900m_coef_hluhluwe_–_imfolozi_park_mesh_4_1000m_local_density_parks.Rds,Canopy Height Trend
Hluhluwe – iMfolozi Park,canopy_height_900m_coef,4,100,mesh_5,104,FALSE,2,2229.73413969807,73716,3.56757462351691,cv_canopy_height_900m_coef_hluhluwe_–_imfolozi_park_mesh_5_1000m_local_density_parks,builds/cv_park_models/cv_canopy_height_900m_coef_hluhluwe_–_imfolozi_park_mesh_5_1000m_local_density_parks.Rds,Canopy Height Trend
Hluhluwe – iMfolozi Park,canopy_height_900m_coef,4,150,mesh_6,104,FALSE,4,2211.6309516409,73716,3.53860952262545,cv_canopy_height_900m_coef_hluhluwe_–_imfolozi_park_mesh_6_1000m_local_density_parks,builds/cv_park_models/cv_canopy_height_900m_coef_hluhluwe_–_imfolozi_park_mesh_6_1000m_local_density_parks.Rds,Canopy Height Trend
Hluhluwe – iMfolozi Park,canopy_height_900m_coef,8,50,mesh_7,45,TRUE,5,2165.89593479828,73716,3.46543349567724,cv_canopy_height_900m_coef_hluhluwe_–_imfolozi_park_mesh_7_1000m_local_density_parks,builds/cv_park_models/cv_canopy_height_900m_coef_hluhluwe_–_imfolozi_park_mesh_7_1000m_local_density_parks.Rds,Canopy Height Trend
Hluhluwe – iMfolozi Park,canopy_height_900m_coef,8,150,mesh_9,45,FALSE,4,2174.03041498445,73716,3.47844866397512,cv_canopy_height_900m_coef_hluhluwe_–_imfolozi_park_mesh_9_1000m_local_density_parks,builds/cv_park_models/cv_canopy_height_900m_coef_hluhluwe_–_imfolozi_park_mesh_9_1000m_local_density_parks.Rds,Canopy Height Trend
Hluhluwe – iMfolozi Park,canopy_height_900m_coef,32,50,mesh_13,23,TRUE,5,2112.24068204423,73716,3.37958509127076,cv_canopy_height_900m_coef_hluhluwe_–_imfolozi_park_mesh_13_1000m_local_density_parks,builds/cv_park_models/cv_canopy_height_900m_coef_hluhluwe_–_imfolozi_park_mesh_13_1000m_local_density_parks.Rds,Canopy Height Trend
Hluhluwe – iMfolozi Park,canopy_height_900m_coef,32,100,mesh_14,23,FALSE,4,2123.90931650375,73716,3.398254906406,cv_canopy_height_900m_coef_hluhluwe_–_imfolozi_park_mesh_14_1000m_local_density_parks,builds/cv_park_models/cv_canopy_height_900m_coef_hluhluwe_–_imfolozi_park_mesh_14_1000m_local_density_parks.Rds,Canopy Height Trend
Hluhluwe – iMfolozi Park,canopy_height_900m_coef,32,150,mesh_15,23,FALSE,4,2117.65504430239,73716,3.38824807088382,cv_canopy_height_900m_coef_hluhluwe_–_imfolozi_park_mesh_15_1000m_local_density_parks,builds/cv_park_models/cv_canopy_height_900m_coef_hluhluwe_–_imfolozi_park_mesh_15_1000m_local_density_parks.Rds,Canopy Height Trend
Gonarezhou,tree_cover_1000m_coef,2,50,mesh_1,725,TRUE,5,-2429.97810050339,73716,-1.13709784768526,cv_tree_cover_1000m_coef_gonarezhou_mesh_1_1000m_local_density_parks,builds/cv_park_models/cv_tree_cover_1000m_coef_gonarezhou_mesh_1_1000m_local_density_parks.Rds,Woody Cover Trend
Gonarezhou,tree_cover_1000m_coef,2,100,mesh_2,725,TRUE,5,-2426.22410934367,73716,-1.13534118359554,cv_tree_cover_1000m_coef_gonarezhou_mesh_2_1000m_local_density_parks,builds/cv_park_models/cv_tree_cover_1000m_coef_gonarezhou_mesh_2_1000m_local_density_parks.Rds,Woody Cover Trend
Gonarezhou,tree_cover_1000m_coef,2,150,mesh_3,725,TRUE,5,-2409.95574418942,73716,-1.12772847177792,cv_tree_cover_1000m_coef_gonarezhou_mesh_3_1000m_local_density_parks,builds/cv_park_models/cv_tree_cover_1000m_coef_gonarezhou_mesh_3_1000m_local_density_parks.Rds,Woody Cover Trend
Gonarezhou,tree_cover_1000m_coef,4,50,mesh_4,325,TRUE,5,-2643.51165013956,73716,-1.23701995795019,cv_tree_cover_1000m_coef_gonarezhou_mesh_4_1000m_local_density_parks,builds/cv_park_models/cv_tree_cover_1000m_coef_gonarezhou_mesh_4_1000m_local_density_parks.Rds,Woody Cover Trend
Gonarezhou,tree_cover_1000m_coef,4,100,mesh_5,325,TRUE,5,-2641.00161145219,73716,-1.23584539609368,cv_tree_cover_1000m_coef_gonarezhou_mesh_5_1000m_local_density_parks,builds/cv_park_models/cv_tree_cover_1000m_coef_gonarezhou_mesh_5_1000m_local_density_parks.Rds,Woody Cover Trend
Gonarezhou,tree_cover_1000m_coef,4,150,mesh_6,325,TRUE,5,-2641.36653566583,73716,-1.23601616081695,cv_tree_cover_1000m_coef_gonarezhou_mesh_6_1000m_local_density_parks,builds/cv_park_models/cv_tree_cover_1000m_coef_gonarezhou_mesh_6_1000m_local_density_parks.Rds,Woody Cover Trend
Gonarezhou,tree_cover_1000m_coef,8,50,mesh_7,127,TRUE,5,-2971.27916614017,73716,-1.39039736365941,cv_tree_cover_1000m_coef_gonarezhou_mesh_7_1000m_local_density_parks,builds/cv_park_models/cv_tree_cover_1000m_coef_gonarezhou_mesh_7_1000m_local_density_parks.Rds,Woody Cover Trend
Gonarezhou,tree_cover_1000m_coef,8,100,mesh_8,127,FALSE,4,-2971.20124123141,73716,-1.39036089903201,cv_tree_cover_1000m_coef_gonarezhou_mesh_8_1000m_local_density_parks,builds/cv_park_models/cv_tree_cover_1000m_coef_gonarezhou_mesh_8_1000m_local_density_parks.Rds,Woody Cover Trend
Gonarezhou,tree_cover_1000m_coef,8,150,mesh_9,127,TRUE,5,-2971.23344094615,73716,-1.39037596675065,cv_tree_cover_1000m_coef_gonarezhou_mesh_9_1000m_local_density_parks,builds/cv_park_models/cv_tree_cover_1000m_coef_gonarezhou_mesh_9_1000m_local_density_parks.Rds,Woody Cover Trend
Gonarezhou,tree_cover_1000m_coef,16,50,mesh_10,54,TRUE,5,-3298.45126266453,73716,-1.54349614537414,cv_tree_cover_1000m_coef_gonarezhou_mesh_10_1000m_local_density_parks,builds/cv_park_models/cv_tree_cover_1000m_coef_gonarezhou_mesh_10_1000m_local_density_parks.Rds,Woody Cover Trend
Gonarezhou,tree_cover_1000m_coef,16,100,mesh_11,54,TRUE,5,-3301.19914473955,73716,-1.54478200502553,cv_tree_cover_1000m_coef_gonarezhou_mesh_11_1000m_local_density_parks,builds/cv_park_models/cv_tree_cover_1000m_coef_gonarezhou_mesh_11_1000m_local_density_parks.Rds,Woody Cover Trend
Gonarezhou,tree_cover_1000m_coef,16,150,mesh_12,54,TRUE,5,-3293.02368869329,73716,-1.54095633537356,cv_tree_cover_1000m_coef_gonarezhou_mesh_12_1000m_local_density_parks,builds/cv_park_models/cv_tree_cover_1000m_coef_gonarezhou_mesh_12_1000m_local_density_parks.Rds,Woody Cover Trend
Gonarezhou,tree_cover_1000m_coef,32,50,mesh_13,29,TRUE,5,-3573.81930202519,73716,-1.67235344034871,cv_tree_cover_1000m_coef_gonarezhou_mesh_13_1000m_local_density_parks,builds/cv_park_models/cv_tree_cover_1000m_coef_gonarezhou_mesh_13_1000m_local_density_parks.Rds,Woody Cover Trend
Gonarezhou,tree_cover_1000m_coef,32,100,mesh_14,29,TRUE,5,-3574.0148447535,73716,-1.67244494373116,cv_tree_cover_1000m_coef_gonarezhou_mesh_14_1000m_local_density_parks,builds/cv_park_models/cv_tree_cover_1000m_coef_gonarezhou_mesh_14_1000m_local_density_parks.Rds,Woody Cover Trend
Gonarezhou,tree_cover_1000m_coef,32,150,mesh_15,29,TRUE,5,-3565.8345921867,73716,-1.66861702956794,cv_tree_cover_1000m_coef_gonarezhou_mesh_15_1000m_local_density_parks,builds/cv_park_models/cv_tree_cover_1000m_coef_gonarezhou_mesh_15_1000m_local_density_parks.Rds,Woody Cover Trend
Gonarezhou,canopy_height_900m_coef,2,50,mesh_1,725,TRUE,5,7946.91417679848,73716,3.71872446270401,cv_canopy_height_900m_coef_gonarezhou_mesh_1_1000m_local_density_parks,builds/cv_park_models/cv_canopy_height_900m_coef_gonarezhou_mesh_1_1000m_local_density_parks.Rds,Canopy Height Trend
Gonarezhou,canopy_height_900m_coef,2,100,mesh_2,725,TRUE,5,8015.869625801,73716,3.75099186981797,cv_canopy_height_900m_coef_gonarezhou_mesh_2_1000m_local_density_parks,builds/cv_park_models/cv_canopy_height_900m_coef_gonarezhou_mesh_2_1000m_local_density_parks.Rds,Canopy Height Trend
Gonarezhou,canopy_height_900m_coef,2,150,mesh_3,725,TRUE,5,8031.01396998373,73716,3.75807860083469,cv_canopy_height_900m_coef_gonarezhou_mesh_3_1000m_local_density_parks,builds/cv_park_models/cv_canopy_height_900m_coef_gonarezhou_mesh_3_1000m_local_density_parks.Rds,Canopy Height Trend
Gonarezhou,canopy_height_900m_coef,4,50,mesh_4,325,TRUE,5,7697.83061978842,73716,3.60216687870305,cv_canopy_height_900m_coef_gonarezhou_mesh_4_1000m_local_density_parks,builds/cv_park_models/cv_canopy_height_900m_coef_gonarezhou_mesh_4_1000m_local_density_parks.Rds,Canopy Height Trend
Gonarezhou,canopy_height_900m_coef,4,100,mesh_5,325,TRUE,5,7711.66586430349,73716,3.60864102213547,cv_canopy_height_900m_coef_gonarezhou_mesh_5_1000m_local_density_parks,builds/cv_park_models/cv_canopy_height_900m_coef_gonarezhou_mesh_5_1000m_local_density_parks.Rds,Canopy Height Trend
Gonarezhou,canopy_height_900m_coef,4,150,mesh_6,325,TRUE,5,7736.69639801667,73716,3.62035395321323,cv_canopy_height_900m_coef_gonarezhou_mesh_6_1000m_local_density_parks,builds/cv_park_models/cv_canopy_height_900m_coef_gonarezhou_mesh_6_1000m_local_density_parks.Rds,Canopy Height Trend
Gonarezhou,canopy_height_900m_coef,8,50,mesh_7,127,TRUE,5,7387.88160967711,73716,3.45712756653117,cv_canopy_height_900m_coef_gonarezhou_mesh_7_1000m_local_density_parks,builds/cv_park_models/cv_canopy_height_900m_coef_gonarezhou_mesh_7_1000m_local_density_parks.Rds,Canopy Height Trend
Gonarezhou,canopy_height_900m_coef,8,100,mesh_8,127,TRUE,5,7388.51308613708,73716,3.45742306323682,cv_canopy_height_900m_coef_gonarezhou_mesh_8_1000m_local_density_parks,builds/cv_park_models/cv_canopy_height_900m_coef_gonarezhou_mesh_8_1000m_local_density_parks.Rds,Canopy Height Trend
Gonarezhou,canopy_height_900m_coef,8,150,mesh_9,127,TRUE,5,7381.35375405663,73716,3.45407288444391,cv_canopy_height_900m_coef_gonarezhou_mesh_9_1000m_local_density_parks,builds/cv_park_models/cv_canopy_height_900m_coef_gonarezhou_mesh_9_1000m_local_density_parks.Rds,Canopy Height Trend
Gonarezhou,canopy_height_900m_coef,16,50,mesh_10,54,TRUE,5,7154.14523016024,73716,3.34775162852608,cv_canopy_height_900m_coef_gonarezhou_mesh_10_1000m_local_density_parks,builds/cv_park_models/cv_canopy_height_900m_coef_gonarezhou_mesh_10_1000m_local_density_parks.Rds,Canopy Height Trend
Gonarezhou,canopy_height_900m_coef,16,100,mesh_11,54,TRUE,5,7153.87983118741,73716,3.34762743621311,cv_canopy_height_900m_coef_gonarezhou_mesh_11_1000m_local_density_parks,builds/cv_park_models/cv_canopy_height_900m_coef_gonarezhou_mesh_11_1000m_local_density_parks.Rds,Canopy Height Trend
Gonarezhou,canopy_height_900m_coef,16,150,mesh_12,54,TRUE,5,7144.95376537641,73716,3.34345052193561,cv_canopy_height_900m_coef_gonarezhou_mesh_12_1000m_local_density_parks,builds/cv_park_models/cv_canopy_height_900m_coef_gonarezhou_mesh_12_1000m_local_density_parks.Rds,Canopy Height Trend
Chobe,tree_cover_1000m_coef,2,50,mesh_1,1429,TRUE,5,-3638.79259242744,73716,-0.743977221923419,cv_tree_cover_1000m_coef_chobe_mesh_1_1000m_local_density_parks,builds/cv_park_models/cv_tree_cover_1000m_coef_chobe_mesh_1_1000m_local_density_parks.Rds,Woody Cover Trend
Chobe,tree_cover_1000m_coef,2,100,mesh_2,1429,TRUE,5,-3774.97844628817,73716,-0.771821395683535,cv_tree_cover_1000m_coef_chobe_mesh_2_1000m_local_density_parks,builds/cv_park_models/cv_tree_cover_1000m_coef_chobe_mesh_2_1000m_local_density_parks.Rds,Woody Cover Trend
Chobe,tree_cover_1000m_coef,2,150,mesh_3,1429,TRUE,5,-3657.41105018912,73716,-0.747783899036827,cv_tree_cover_1000m_coef_chobe_mesh_3_1000m_local_density_parks,builds/cv_park_models/cv_tree_cover_1000m_coef_chobe_mesh_3_1000m_local_density_parks.Rds,Woody Cover Trend
Chobe,tree_cover_1000m_coef,4,50,mesh_4,591,TRUE,5,-4390.90389502292,73716,-0.897751767536888,cv_tree_cover_1000m_coef_chobe_mesh_4_1000m_local_density_parks,builds/cv_park_models/cv_tree_cover_1000m_coef_chobe_mesh_4_1000m_local_density_parks.Rds,Woody Cover Trend
Chobe,tree_cover_1000m_coef,4,100,mesh_5,591,TRUE,5,-4421.6674812929,73716,-0.904041603208526,cv_tree_cover_1000m_coef_chobe_mesh_5_1000m_local_density_parks,builds/cv_park_models/cv_tree_cover_1000m_coef_chobe_mesh_5_1000m_local_density_parks.Rds,Woody Cover Trend
Chobe,tree_cover_1000m_coef,4,150,mesh_6,591,TRUE,5,-4436.82271773286,73716,-0.90714019990449,cv_tree_cover_1000m_coef_chobe_mesh_6_1000m_local_density_parks,builds/cv_park_models/cv_tree_cover_1000m_coef_chobe_mesh_6_1000m_local_density_parks.Rds,Woody Cover Trend
Chobe,tree_cover_1000m_coef,8,50,mesh_7,217,TRUE,5,-5183.16602575845,73716,-1.05973543769341,cv_tree_cover_1000m_coef_chobe_mesh_7_1000m_local_density_parks,builds/cv_park_models/cv_tree_cover_1000m_coef_chobe_mesh_7_1000m_local_density_parks.Rds,Woody Cover Trend
Chobe,tree_cover_1000m_coef,8,100,mesh_8,217,TRUE,5,-5252.87896569957,73716,-1.07398874784289,cv_tree_cover_1000m_coef_chobe_mesh_8_1000m_local_density_parks,builds/cv_park_models/cv_tree_cover_1000m_coef_chobe_mesh_8_1000m_local_density_parks.Rds,Woody Cover Trend
Chobe,tree_cover_1000m_coef,8,150,mesh_9,217,TRUE,5,-5176.73258871691,73716,-1.05842007538681,cv_tree_cover_1000m_coef_chobe_mesh_9_1000m_local_density_parks,builds/cv_park_models/cv_tree_cover_1000m_coef_chobe_mesh_9_1000m_local_density_parks.Rds,Woody Cover Trend
Chobe,tree_cover_1000m_coef,16,50,mesh_10,93,TRUE,5,-5774.49225813351,73716,-1.18063632347853,cv_tree_cover_1000m_coef_chobe_mesh_10_1000m_local_density_parks,builds/cv_park_models/cv_tree_cover_1000m_coef_chobe_mesh_10_1000m_local_density_parks.Rds,Woody Cover Trend
Chobe,tree_cover_1000m_coef,16,100,mesh_11,93,TRUE,5,-5789.700635062,73716,-1.1837457851282,cv_tree_cover_1000m_coef_chobe_mesh_11_1000m_local_density_parks,builds/cv_park_models/cv_tree_cover_1000m_coef_chobe_mesh_11_1000m_local_density_parks.Rds,Woody Cover Trend
Chobe,tree_cover_1000m_coef,16,150,mesh_12,93,TRUE,5,-5760.58763259604,73716,-1.17779342314374,cv_tree_cover_1000m_coef_chobe_mesh_12_1000m_local_density_parks,builds/cv_park_models/cv_tree_cover_1000m_coef_chobe_mesh_12_1000m_local_density_parks.Rds,Woody Cover Trend
Chobe,tree_cover_1000m_coef,32,50,mesh_13,44,TRUE,5,-6103.93085026023,73716,-1.24799240446948,cv_tree_cover_1000m_coef_chobe_mesh_13_1000m_local_density_parks,builds/cv_park_models/cv_tree_cover_1000m_coef_chobe_mesh_13_1000m_local_density_parks.Rds,Woody Cover Trend
Chobe,tree_cover_1000m_coef,32,100,mesh_14,44,TRUE,5,-6107.4763536325,73716,-1.24871730804181,cv_tree_cover_1000m_coef_chobe_mesh_14_1000m_local_density_parks,builds/cv_park_models/cv_tree_cover_1000m_coef_chobe_mesh_14_1000m_local_density_parks.Rds,Woody Cover Trend
Chobe,tree_cover_1000m_coef,32,150,mesh_15,44,TRUE,5,-6098.60998067314,73716,-1.24690451455186,cv_tree_cover_1000m_coef_chobe_mesh_15_1000m_local_density_parks,builds/cv_park_models/cv_tree_cover_1000m_coef_chobe_mesh_15_1000m_local_density_parks.Rds,Woody Cover Trend
Chobe,canopy_height_900m_coef,2,50,mesh_1,1429,TRUE,5,19079.7922853633,73716,3.90100026280174,cv_canopy_height_900m_coef_chobe_mesh_1_1000m_local_density_parks,builds/cv_park_models/cv_canopy_height_900m_coef_chobe_mesh_1_1000m_local_density_parks.Rds,Canopy Height Trend
Chobe,canopy_height_900m_coef,2,100,mesh_2,1429,TRUE,5,19076.5419854745,73716,3.90033571569709,cv_canopy_height_900m_coef_chobe_mesh_2_1000m_local_density_parks,builds/cv_park_models/cv_canopy_height_900m_coef_chobe_mesh_2_1000m_local_density_parks.Rds,Canopy Height Trend
Chobe,canopy_height_900m_coef,2,150,mesh_3,1429,TRUE,5,19150.1445184777,73716,3.91538428102182,cv_canopy_height_900m_coef_chobe_mesh_3_1000m_local_density_parks,builds/cv_park_models/cv_canopy_height_900m_coef_chobe_mesh_3_1000m_local_density_parks.Rds,Canopy Height Trend
Chobe,canopy_height_900m_coef,4,50,mesh_4,591,TRUE,5,18347.9282372011,73716,3.7513654134535,cv_canopy_height_900m_coef_chobe_mesh_4_1000m_local_density_parks,builds/cv_park_models/cv_canopy_height_900m_coef_chobe_mesh_4_1000m_local_density_parks.Rds,Canopy Height Trend
Chobe,canopy_height_900m_coef,4,100,mesh_5,591,FALSE,4,18332.1803831551,73716,3.74814565184116,cv_canopy_height_900m_coef_chobe_mesh_5_1000m_local_density_parks,builds/cv_park_models/cv_canopy_height_900m_coef_chobe_mesh_5_1000m_local_density_parks.Rds,Canopy Height Trend
Chobe,canopy_height_900m_coef,4,150,mesh_6,591,TRUE,5,18340.7376125887,73716,3.74989523872187,cv_canopy_height_900m_coef_chobe_mesh_6_1000m_local_density_parks,builds/cv_park_models/cv_canopy_height_900m_coef_chobe_mesh_6_1000m_local_density_parks.Rds,Canopy Height Trend
Chobe,canopy_height_900m_coef,8,50,mesh_7,217,FALSE,4,17222.5669260628,73716,3.52127722880041,cv_canopy_height_900m_coef_chobe_mesh_7_1000m_local_density_parks,builds/cv_park_models/cv_canopy_height_900m_coef_chobe_mesh_7_1000m_local_density_parks.Rds,Canopy Height Trend
Chobe,canopy_height_900m_coef,8,100,mesh_8,217,TRUE,5,17184.2049001342,73716,3.51343383768845,cv_canopy_height_900m_coef_chobe_mesh_8_1000m_local_density_parks,builds/cv_park_models/cv_canopy_height_900m_coef_chobe_mesh_8_1000m_local_density_parks.Rds,Canopy Height Trend
Chobe,canopy_height_900m_coef,8,150,mesh_9,217,FALSE,4,17199.1958641687,73716,3.5164988477139,cv_canopy_height_900m_coef_chobe_mesh_9_1000m_local_density_parks,builds/cv_park_models/cv_canopy_height_900m_coef_chobe_mesh_9_1000m_local_density_parks.Rds,Canopy Height Trend
Chobe,canopy_height_900m_coef,16,50,mesh_10,93,TRUE,5,16043.1331380358,73716,3.28013353875195,cv_canopy_height_900m_coef_chobe_mesh_10_1000m_local_density_parks,builds/cv_park_models/cv_canopy_height_900m_coef_chobe_mesh_10_1000m_local_density_parks.Rds,Canopy Height Trend
Chobe,canopy_height_900m_coef,16,100,mesh_11,93,TRUE,5,16048.9258869074,73716,3.28131790777089,cv_canopy_height_900m_coef_chobe_mesh_11_1000m_local_density_parks,builds/cv_park_models/cv_canopy_height_900m_coef_chobe_mesh_11_1000m_local_density_parks.Rds,Canopy Height Trend
Chobe,canopy_height_900m_coef,16,150,mesh_12,93,TRUE,5,16037.6511628554,73716,3.27901270964127,cv_canopy_height_900m_coef_chobe_mesh_12_1000m_local_density_parks,builds/cv_park_models/cv_canopy_height_900m_coef_chobe_mesh_12_1000m_local_density_parks.Rds,Canopy Height Trend
Bwabwata,tree_cover_1000m_coef,4,50,mesh_4,500,TRUE,5,-4870.71008959029,73716,-0.986373043659435,cv_tree_cover_1000m_coef_bwabwata_mesh_4_1000m_local_density_parks,builds/cv_park_models/cv_tree_cover_1000m_coef_bwabwata_mesh_4_1000m_local_density_parks.Rds,Woody Cover Trend
Bwabwata,tree_cover_1000m_coef,4,100,mesh_5,500,FALSE,3,-4940.23418862462,73716,-1.00045244808113,cv_tree_cover_1000m_coef_bwabwata_mesh_5_1000m_local_density_parks,builds/cv_park_models/cv_tree_cover_1000m_coef_bwabwata_mesh_5_1000m_local_density_parks.Rds,Woody Cover Trend
Bwabwata,tree_cover_1000m_coef,4,150,mesh_6,500,TRUE,5,-4918.8309386479,73716,-0.996118051569036,cv_tree_cover_1000m_coef_bwabwata_mesh_6_1000m_local_density_parks,builds/cv_park_models/cv_tree_cover_1000m_coef_bwabwata_mesh_6_1000m_local_density_parks.Rds,Woody Cover Trend
Bwabwata,tree_cover_1000m_coef,16,50,mesh_10,69,FALSE,4,-6047.4244257218,73716,-1.22467080310283,cv_tree_cover_1000m_coef_bwabwata_mesh_10_1000m_local_density_parks,builds/cv_park_models/cv_tree_cover_1000m_coef_bwabwata_mesh_10_1000m_local_density_parks.Rds,Woody Cover Trend
Bwabwata,tree_cover_1000m_coef,16,100,mesh_11,69,TRUE,5,-6029.80148389973,73716,-1.22110196109755,cv_tree_cover_1000m_coef_bwabwata_mesh_11_1000m_local_density_parks,builds/cv_park_models/cv_tree_cover_1000m_coef_bwabwata_mesh_11_1000m_local_density_parks.Rds,Woody Cover Trend
Bwabwata,tree_cover_1000m_coef,16,150,mesh_12,69,FALSE,4,-6031.72699661453,73716,-1.22149189886888,cv_tree_cover_1000m_coef_bwabwata_mesh_12_1000m_local_density_parks,builds/cv_park_models/cv_tree_cover_1000m_coef_bwabwata_mesh_12_1000m_local_density_parks.Rds,Woody Cover Trend
Bwabwata,canopy_height_900m_coef,2,100,mesh_2,1170,FALSE,4,17816.9946503907,73716,3.60813986439665,cv_canopy_height_900m_coef_bwabwata_mesh_2_1000m_local_density_parks,builds/cv_park_models/cv_canopy_height_900m_coef_bwabwata_mesh_2_1000m_local_density_parks.Rds,Canopy Height Trend
Bwabwata,canopy_height_900m_coef,2,150,mesh_3,1170,FALSE,4,17804.9117374405,73716,3.6056929399434,cv_canopy_height_900m_coef_bwabwata_mesh_3_1000m_local_density_parks,builds/cv_park_models/cv_canopy_height_900m_coef_bwabwata_mesh_3_1000m_local_density_parks.Rds,Canopy Height Trend
Bwabwata,canopy_height_900m_coef,4,50,mesh_4,500,FALSE,4,17246.7350429074,73716,3.49265594226558,cv_canopy_height_900m_coef_bwabwata_mesh_4_1000m_local_density_parks,builds/cv_park_models/cv_canopy_height_900m_coef_bwabwata_mesh_4_1000m_local_density_parks.Rds,Canopy Height Trend
Bwabwata,canopy_height_900m_coef,4,100,mesh_5,500,FALSE,4,17243.4245925732,73716,3.49198553920072,cv_canopy_height_900m_coef_bwabwata_mesh_5_1000m_local_density_parks,builds/cv_park_models/cv_canopy_height_900m_coef_bwabwata_mesh_5_1000m_local_density_parks.Rds,Canopy Height Trend
Bwabwata,canopy_height_900m_coef,4,150,mesh_6,500,FALSE,3,17227.007332322,73716,3.48866086114256,cv_canopy_height_900m_coef_bwabwata_mesh_6_1000m_local_density_parks,builds/cv_park_models/cv_canopy_height_900m_coef_bwabwata_mesh_6_1000m_local_density_parks.Rds,Canopy Height Trend
Bwabwata,canopy_height_900m_coef,8,50,mesh_7,178,FALSE,3,16579.7854991686,73716,3.35759123109936,cv_canopy_height_900m_coef_bwabwata_mesh_7_1000m_local_density_parks,builds/cv_park_models/cv_canopy_height_900m_coef_bwabwata_mesh_7_1000m_local_density_parks.Rds,Canopy Height Trend
Bwabwata,canopy_height_900m_coef,8,100,mesh_8,178,FALSE,3,16584.1465048516,73716,3.35847438332353,cv_canopy_height_900m_coef_bwabwata_mesh_8_1000m_local_density_parks,builds/cv_park_models/cv_canopy_height_900m_coef_bwabwata_mesh_8_1000m_local_density_parks.Rds,Canopy Height Trend
Bwabwata,canopy_height_900m_coef,8,150,mesh_9,178,FALSE,4,16607.4626223888,73716,3.36319615682236,cv_canopy_height_900m_coef_bwabwata_mesh_9_1000m_local_density_parks,builds/cv_park_models/cv_canopy_height_900m_coef_bwabwata_mesh_9_1000m_local_density_parks.Rds,Canopy Height Trend
Bwabwata,canopy_height_900m_coef,16,50,mesh_10,69,TRUE,5,16077.2312633763,73716,3.25581840084574,cv_canopy_height_900m_coef_bwabwata_mesh_10_1000m_local_density_parks,builds/cv_park_models/cv_canopy_height_900m_coef_bwabwata_mesh_10_1000m_local_density_parks.Rds,Canopy Height Trend
Bwabwata,canopy_height_900m_coef,16,100,mesh_11,69,FALSE,3,16080.8707296583,73716,3.25655543330465,cv_canopy_height_900m_coef_bwabwata_mesh_11_1000m_local_density_parks,builds/cv_park_models/cv_canopy_height_900m_coef_bwabwata_mesh_11_1000m_local_density_parks.Rds,Canopy Height Trend
Bwabwata,canopy_height_900m_coef,16,150,mesh_12,69,FALSE,4,16074.1415533556,73716,3.25519270015302,cv_canopy_height_900m_coef_bwabwata_mesh_12_1000m_local_density_parks,builds/cv_park_models/cv_canopy_height_900m_coef_bwabwata_mesh_12_1000m_local_density_parks.Rds,Canopy Height Trend
