x,predicted,std.error,conf.low,conf.high,group,x_unscaled,var_name,response_name,q975_unscaled,q025_unscaled,q975,q025,response_clean,var_clean
-0.996,0.437015315770295,0.300195855796019,-0.176244064987518,1.05027469652811,1,0.036304,mean_density_km2_scaled,tree_cover_1000m_coef,2.95464013692224,0.0374845299991216,2.27594203858199,-0.994676796446141,Woody Cover Trend,Elephant Density
-0.994,0.43817792364067,0.299801826205524,-0.174276508154651,1.05063235543599,1,0.038088,mean_density_km2_scaled,tree_cover_1000m_coef,2.95464013692224,0.0374845299991216,2.27594203858199,-0.994676796446141,Woody Cover Trend,Elephant Density
-0.976,0.448641242666048,0.296291384943617,-0.156641834185831,1.05392431951793,1,0.054143,mean_density_km2_scaled,tree_cover_1000m_coef,2.95464013692224,0.0374845299991216,2.27594203858199,-0.994676796446141,Woody Cover Trend,Elephant Density
-0.953,0.462009671530983,0.29190264896009,-0.134307813492752,1.05832715655472,1,0.074657,mean_density_km2_scaled,tree_cover_1000m_coef,2.95464013692224,0.0374845299991216,2.27594203858199,-0.994676796446141,Woody Cover Trend,Elephant Density
-0.902,0.491635573060342,0.282585733744147,-0.085648718980927,1.06891986510161,1,0.120146,mean_density_km2_scaled,tree_cover_1000m_coef,2.95464013692224,0.0374845299991216,2.27594203858199,-0.994676796446141,Woody Cover Trend,Elephant Density
-0.871,0.509621196629027,0.277223461946372,-0.0567087020764688,1.07595109533452,1,0.147795,mean_density_km2_scaled,tree_cover_1000m_coef,2.95464013692224,0.0374845299991216,2.27594203858199,-0.994676796446141,Woody Cover Trend,Elephant Density
-0.869,0.510780733704011,0.276885782161373,-0.054859331041939,1.07642079844996,1,0.149579,mean_density_km2_scaled,tree_cover_1000m_coef,2.95464013692224,0.0374845299991216,2.27594203858199,-0.994676796446141,Woody Cover Trend,Elephant Density
-0.854,0.519473438108858,0.274386184737573,-0.0410602884293283,1.08000716464704,1,0.162958,mean_density_km2_scaled,tree_cover_1000m_coef,2.95464013692224,0.0374845299991216,2.27594203858199,-0.994676796446141,Woody Cover Trend,Elephant Density
-0.847,0.523527499703848,0.273239956251424,-0.0346646376416476,1.08171963704934,1,0.169202,mean_density_km2_scaled,tree_cover_1000m_coef,2.95464013692224,0.0374845299991216,2.27594203858199,-0.994676796446141,Woody Cover Trend,Elephant Density
-0.818,0.540302117948339,0.268633239846856,-0.00847912316042854,1.08908335905711,1,0.195067,mean_density_km2_scaled,tree_cover_1000m_coef,2.95464013692224,0.0374845299991216,2.27594203858199,-0.994676796446141,Woody Cover Trend,Elephant Density
-0.793,0.554730121420695,0.264852647679621,0.0136721168810292,1.09578812596036,1,0.217366,mean_density_km2_scaled,tree_cover_1000m_coef,2.95464013692224,0.0374845299991216,2.27594203858199,-0.994676796446141,Woody Cover Trend,Elephant Density
-0.608,0.659810820145812,0.243081241014919,0.163228843877815,1.15639279641381,1,0.382372,mean_density_km2_scaled,tree_cover_1000m_coef,2.95464013692224,0.0374845299991216,2.27594203858199,-0.994676796446141,Woody Cover Trend,Elephant Density
-0.508,0.714654635840685,0.236331779358915,0.231860893472967,1.1974483782084,1,0.471565,mean_density_km2_scaled,tree_cover_1000m_coef,2.95464013692224,0.0374845299991216,2.27594203858199,-0.994676796446141,Woody Cover Trend,Elephant Density
-0.486,0.726468834648657,0.235336694212196,0.245707916149409,1.20722975314791,1,0.491187,mean_density_km2_scaled,tree_cover_1000m_coef,2.95464013692224,0.0374845299991216,2.27594203858199,-0.994676796446141,Woody Cover Trend,Elephant Density
-0.405,0.769049316222831,0.233155282614576,0.292744725483295,1.24535390696237,1,0.563434,mean_density_km2_scaled,tree_cover_1000m_coef,2.95464013692224,0.0374845299991216,2.27594203858199,-0.994676796446141,Woody Cover Trend,Elephant Density
-0.342,0.801052994936614,0.232987956570152,0.325090228590742,1.27701576128249,1,0.619625,mean_density_km2_scaled,tree_cover_1000m_coef,2.95464013692224,0.0374845299991216,2.27594203858199,-0.994676796446141,Woody Cover Trend,Elephant Density
-0.331,0.806531351368485,0.23308668842075,0.330366889255035,1.28269581348193,1,0.629436,mean_density_km2_scaled,tree_cover_1000m_coef,2.95464013692224,0.0374845299991216,2.27594203858199,-0.994676796446141,Woody Cover Trend,Elephant Density
-0.248,0.846730984496419,0.234942465232363,0.366775422285012,1.32668654670783,1,0.703466,mean_density_km2_scaled,tree_cover_1000m_coef,2.95464013692224,0.0374845299991216,2.27594203858199,-0.994676796446141,Woody Cover Trend,Elephant Density
-0.244,0.848615300665156,0.235077863224096,0.368383138737388,1.32884746259292,1,0.707034,mean_density_km2_scaled,tree_cover_1000m_coef,2.95464013692224,0.0374845299991216,2.27594203858199,-0.994676796446141,Woody Cover Trend,Elephant Density
-0.185,0.875808368146252,0.23750497400224,0.39061794838748,1.36099878790502,1,0.759658,mean_density_km2_scaled,tree_cover_1000m_coef,2.95464013692224,0.0374845299991216,2.27594203858199,-0.994676796446141,Woody Cover Trend,Elephant Density
-0.049,0.933914907215044,0.245545456142219,0.432298873967762,1.43553094046233,1,0.88096,mean_density_km2_scaled,tree_cover_1000m_coef,2.95464013692224,0.0374845299991216,2.27594203858199,-0.994676796446141,Woody Cover Trend,Elephant Density
0.12,0.996273807063407,0.258132998528431,0.468943133523836,1.52360448060298,1,1.031696,mean_density_km2_scaled,tree_cover_1000m_coef,2.95464013692224,0.0374845299991216,2.27594203858199,-0.994676796446141,Woody Cover Trend,Elephant Density
0.201,1.02193174221135,0.264375157059877,0.481849186186804,1.56201429823589,1,1.103942,mean_density_km2_scaled,tree_cover_1000m_coef,2.95464013692224,0.0374845299991216,2.27594203858199,-0.994676796446141,Woody Cover Trend,Elephant Density
0.209,1.02430948837262,0.264982546913249,0.482986117332928,1.56563285941232,1,1.111077,mean_density_km2_scaled,tree_cover_1000m_coef,2.95464013692224,0.0374845299991216,2.27594203858199,-0.994676796446141,Woody Cover Trend,Elephant Density
0.285,1.04546363985285,0.270592315829584,0.492680272462763,1.59824700724294,1,1.178864,mean_density_km2_scaled,tree_cover_1000m_coef,2.95464013692224,0.0374845299991216,2.27594203858199,-0.994676796446141,Woody Cover Trend,Elephant Density
0.428,1.07809241971714,0.279931599172025,0.506230164298705,1.64995467513558,1,1.306409,mean_density_km2_scaled,tree_cover_1000m_coef,2.95464013692224,0.0374845299991216,2.27594203858199,-0.994676796446141,Woody Cover Trend,Elephant Density
0.811,1.11800647412172,0.292383635296269,0.520706399308743,1.7153065489347,1,1.648018,mean_density_km2_scaled,tree_cover_1000m_coef,2.95464013692224,0.0374845299991216,2.27594203858199,-0.994676796446141,Woody Cover Trend,Elephant Density
0.877,1.11778900125688,0.292312906359505,0.520633416060008,1.71494458645375,1,1.706885,mean_density_km2_scaled,tree_cover_1000m_coef,2.95464013692224,0.0374845299991216,2.27594203858199,-0.994676796446141,Woody Cover Trend,Elephant Density
0.908,1.11696271477131,0.292044612004297,0.520355218520239,1.71357021102238,1,1.734535,mean_density_km2_scaled,tree_cover_1000m_coef,2.95464013692224,0.0374845299991216,2.27594203858199,-0.994676796446141,Woody Cover Trend,Elephant Density
1.064,1.10589290145286,0.288492401831179,0.516542088360563,1.69524371454516,1,1.873675,mean_density_km2_scaled,tree_cover_1000m_coef,2.95464013692224,0.0374845299991216,2.27594203858199,-0.994676796446141,Woody Cover Trend,Elephant Density
1.452,1.03147097562383,0.266840543349855,0.48635197009364,1.57658998115402,1,2.219743,mean_density_km2_scaled,tree_cover_1000m_coef,2.95464013692224,0.0374845299991216,2.27594203858199,-0.994676796446141,Woody Cover Trend,Elephant Density
1.779,0.923185588585682,0.243781455181396,0.425173169832086,1.42119800733928,1,2.511404,mean_density_km2_scaled,tree_cover_1000m_coef,2.95464013692224,0.0374845299991216,2.27594203858199,-0.994676796446141,Woody Cover Trend,Elephant Density
2.116,0.776769234631269,0.233005350697875,0.300770934443773,1.25276753481876,1,2.811983,mean_density_km2_scaled,tree_cover_1000m_coef,2.95464013692224,0.0374845299991216,2.27594203858199,-0.994676796446141,Woody Cover Trend,Elephant Density
3.029,0.277612323971019,0.360483064360338,-0.458805639685064,1.0140302876271,1,3.626313,mean_density_km2_scaled,tree_cover_1000m_coef,2.95464013692224,0.0374845299991216,2.27594203858199,-0.994676796446141,Woody Cover Trend,Elephant Density
-0.996,-0.00662150040163613,0.00191569734138143,-0.0105330082580341,-0.00270999254523815,1,0.036304,mean_density_km2_scaled,canopy_height_900m_coef,2.95464013692224,0.0374845299991216,2.27594203858199,-0.994676796446141,Vegetation Height Trend,Elephant Density
-0.994,-0.00663226895529806,0.00191270086236349,-0.0105376585429241,-0.00272687936767199,1,0.038088,mean_density_km2_scaled,canopy_height_900m_coef,2.95464013692224,0.0374845299991216,2.27594203858199,-0.994676796446141,Vegetation Height Trend,Elephant Density
-0.976,-0.00672918453205304,0.00188598098888724,-0.0105800169655991,-0.00287835209850694,1,0.054143,mean_density_km2_scaled,canopy_height_900m_coef,2.95464013692224,0.0374845299991216,2.27594203858199,-0.994676796446141,Vegetation Height Trend,Elephant Density
-0.953,-0.00685300843360273,0.00185251433382348,-0.0106355080040282,-0.0030705088631773,1,0.074657,mean_density_km2_scaled,canopy_height_900m_coef,2.95464013692224,0.0374845299991216,2.27594203858199,-0.994676796446141,Vegetation Height Trend,Elephant Density
-0.902,-0.00712741574124652,0.00178123510079561,-0.0107643759960588,-0.00349045548643421,1,0.120146,mean_density_km2_scaled,canopy_height_900m_coef,2.95464013692224,0.0374845299991216,2.27594203858199,-0.994676796446141,Vegetation Height Trend,Elephant Density
-0.871,-0.00729400598409351,0.00174006596154124,-0.0108469062946985,-0.00374110567348851,1,0.147795,mean_density_km2_scaled,canopy_height_900m_coef,2.95464013692224,0.0374845299991216,2.27594203858199,-0.994676796446141,Vegetation Height Trend,Elephant Density
-0.869,-0.00730474609287813,0.00173746987685937,-0.010852345667605,-0.00375714651815122,1,0.149579,mean_density_km2_scaled,canopy_height_900m_coef,2.95464013692224,0.0374845299991216,2.27594203858199,-0.994676796446141,Vegetation Height Trend,Elephant Density
-0.854,-0.00738526149009899,0.00171824011329509,-0.0108935973619259,-0.00387692561827208,1,0.162958,mean_density_km2_scaled,canopy_height_900m_coef,2.95464013692224,0.0374845299991216,2.27594203858199,-0.994676796446141,Vegetation Height Trend,Elephant Density
-0.847,-0.00742281187151994,0.00170941452165225,-0.0109131274797579,-0.00393249626328197,1,0.169202,mean_density_km2_scaled,canopy_height_900m_coef,2.95464013692224,0.0374845299991216,2.27594203858199,-0.994676796446141,Vegetation Height Trend,Elephant Density
-0.818,-0.00757818525352038,0.00167389821969444,-0.0109959829899958,-0.00416038751704499,1,0.195067,mean_density_km2_scaled,canopy_height_900m_coef,2.95464013692224,0.0374845299991216,2.27594203858199,-0.994676796446141,Vegetation Height Trend,Elephant Density
-0.793,-0.0077118233082751,0.00164469907665523,-0.0110700016701599,-0.00435364494639026,1,0.217366,mean_density_km2_scaled,canopy_height_900m_coef,2.95464013692224,0.0374845299991216,2.27594203858199,-0.994676796446141,Vegetation Height Trend,Elephant Density
-0.608,-0.00868512255942694,0.00147624620901434,-0.0116993506004667,-0.00567089451838713,1,0.382372,mean_density_km2_scaled,canopy_height_900m_coef,2.95464013692224,0.0374845299991216,2.27594203858199,-0.994676796446141,Vegetation Height Trend,Elephant Density
-0.508,-0.009193106565532,0.00142500169666309,-0.0121027025708481,-0.00628351056021589,1,0.471565,mean_density_km2_scaled,canopy_height_900m_coef,2.95464013692224,0.0374845299991216,2.27594203858199,-0.994676796446141,Vegetation Height Trend,Elephant Density
-0.486,-0.00930253394402525,0.00141770629269849,-0.0121972340525279,-0.00640783383552264,1,0.491187,mean_density_km2_scaled,canopy_height_900m_coef,2.95464013692224,0.0374845299991216,2.27594203858199,-0.994676796446141,Vegetation Height Trend,Elephant Density
-0.405,-0.00969692913553589,0.00140297662924977,-0.0125615539325281,-0.00683230433854371,1,0.563434,mean_density_km2_scaled,canopy_height_900m_coef,2.95464013692224,0.0374845299991216,2.27594203858199,-0.994676796446141,Vegetation Height Trend,Elephant Density
-0.342,-0.00999335754584667,0.00140404028996906,-0.0128601541458529,-0.00712656094584043,1,0.619625,mean_density_km2_scaled,canopy_height_900m_coef,2.95464013692224,0.0374845299991216,2.27594203858199,-0.994676796446141,Vegetation Height Trend,Elephant Density
-0.331,-0.0100440997750352,0.00140526987298183,-0.0129134069614011,-0.00717479258866925,1,0.629436,mean_density_km2_scaled,canopy_height_900m_coef,2.95464013692224,0.0374845299991216,2.27594203858199,-0.994676796446141,Vegetation Height Trend,Elephant Density
-0.248,-0.0104164403694054,0.00142353423180633,-0.0133230400766153,-0.00750984066219561,1,0.703466,mean_density_km2_scaled,canopy_height_900m_coef,2.95464013692224,0.0374845299991216,2.27594203858199,-0.994676796446141,Vegetation Height Trend,Elephant Density
-0.244,-0.010433893409692,0.00142478353533121,-0.0133430439689843,-0.00752474285039973,1,0.707034,mean_density_km2_scaled,canopy_height_900m_coef,2.95464013692224,0.0374845299991216,2.27594203858199,-0.994676796446141,Vegetation Height Trend,Elephant Density
-0.185,-0.0106857624136166,0.00144661457293918,-0.0136394880074263,-0.007732036819807,1,0.759658,mean_density_km2_scaled,canopy_height_900m_coef,2.95464013692224,0.0374845299991216,2.27594203858199,-0.994676796446141,Vegetation Height Trend,Elephant Density
-0.049,-0.0112239561586038,0.0015158106456454,-0.0143189676310205,-0.0081289446861871,1,0.88096,mean_density_km2_scaled,canopy_height_900m_coef,2.95464013692224,0.0374845299991216,2.27594203858199,-0.994676796446141,Vegetation Height Trend,Elephant Density
0.12,-0.0118015277669936,0.00162029008717783,-0.0151098673824099,-0.00849318815157731,1,1.031696,mean_density_km2_scaled,canopy_height_900m_coef,2.95464013692224,0.0374845299991216,2.27594203858199,-0.994676796446141,Vegetation Height Trend,Elephant Density
0.201,-0.01203916886203,0.00167108463152767,-0.0154512217598081,-0.00862711596425182,1,1.103942,mean_density_km2_scaled,canopy_height_900m_coef,2.95464013692224,0.0374845299991216,2.27594203858199,-0.994676796446141,Vegetation Height Trend,Elephant Density
0.209,-0.0120611911188358,0.00167599890593902,-0.0154832780770854,-0.00863910416058617,1,1.111077,mean_density_km2_scaled,canopy_height_900m_coef,2.95464013692224,0.0374845299991216,2.27594203858199,-0.994676796446141,Vegetation Height Trend,Elephant Density
0.285,-0.01225711532155,0.00172117525318965,-0.0157714442187412,-0.00874278642435881,1,1.178864,mean_density_km2_scaled,canopy_height_900m_coef,2.95464013692224,0.0374845299991216,2.27594203858199,-0.994676796446141,Vegetation Height Trend,Elephant Density
0.428,-0.0125593052339488,0.00179563731232719,-0.0162256722026185,-0.00889293826527915,1,1.306409,mean_density_km2_scaled,canopy_height_900m_coef,2.95464013692224,0.0374845299991216,2.27594203858199,-0.994676796446141,Vegetation Height Trend,Elephant Density
0.811,-0.0129288923902937,0.0018937121086814,-0.0167955103736553,-0.00906227440693221,1,1.648018,mean_density_km2_scaled,canopy_height_900m_coef,2.95464013692224,0.0374845299991216,2.27594203858199,-0.994676796446141,Vegetation Height Trend,Elephant Density
0.877,-0.0129268541472219,0.00189315920877528,-0.0167923432088692,-0.00906136508557466,1,1.706885,mean_density_km2_scaled,canopy_height_900m_coef,2.95464013692224,0.0374845299991216,2.27594203858199,-0.994676796446141,Vegetation Height Trend,Elephant Density
0.908,-0.0129191890570218,0.00189105915640756,-0.0167803901911568,-0.00905798792288669,1,1.734535,mean_density_km2_scaled,canopy_height_900m_coef,2.95464013692224,0.0374845299991216,2.27594203858199,-0.994676796446141,Vegetation Height Trend,Elephant Density
1.064,-0.0128165927983893,0.00186320232304023,-0.0166209153117647,-0.0090122702850139,1,1.873675,mean_density_km2_scaled,canopy_height_900m_coef,2.95464013692224,0.0374845299991216,2.27594203858199,-0.994676796446141,Vegetation Height Trend,Elephant Density
1.452,-0.0121270802591527,0.00169105478203589,-0.0155799085962025,-0.00867425192210291,1,2.219743,mean_density_km2_scaled,canopy_height_900m_coef,2.95464013692224,0.0374845299991216,2.27594203858199,-0.994676796446141,Vegetation Height Trend,Elephant Density
1.779,-0.0111239113632704,0.00150103281413515,-0.0141887491736977,-0.00805907355284312,1,2.511404,mean_density_km2_scaled,canopy_height_900m_coef,2.95464013692224,0.0374845299991216,2.27594203858199,-0.994676796446141,Vegetation Height Trend,Elephant Density
2.116,-0.00976753048019452,0.00140273035418882,-0.0126316524280075,-0.00690340853238156,1,2.811983,mean_density_km2_scaled,canopy_height_900m_coef,2.95464013692224,0.0374845299991216,2.27594203858199,-0.994676796446141,Vegetation Height Trend,Elephant Density
3.029,-0.00514349480121764,0.00236956214269237,-0.00998171258079694,-0.000305277021638336,1,3.626313,mean_density_km2_scaled,canopy_height_900m_coef,2.95464013692224,0.0374845299991216,2.27594203858199,-0.994676796446141,Vegetation Height Trend,Elephant Density
