term,estimate,std.error,conf.low,conf.high,sig,response,excluded_park,n_park,dev_explained_var,dev_explained_full,dev_explained_spatial,cutoff,max_inner_edge,n_vertices,aic,n,model_id,model_path,hessian_ok,eigen_values_ok,nlminb_ok,range_ok,gradients_ok,se_magnitude_ok,se_na_ok,sigmas_ok,all_ok,clean_response,clean_term
(Intercept),-0.00979756859120331,0.000358808550990238,-0.0105008204284892,-0.00909431675391744,negative,canopy_height_900m_coef,Bwabwata,4938,0.0658978827737382,0.863466760458405,0.86130280325617,2,50,18644,-500184.643410957,69369,loo_canopy_height_900m_coef_no_bwabwata_1000m_local_density_smoothed,builds/loo_models/loo_canopy_height_900m_coef_no_bwabwata_1000m_local_density_smoothed.Rds,TRUE,TRUE,TRUE,TRUE,TRUE,FALSE,TRUE,TRUE,FALSE,Vegetation Height Trend,(Intercept)
slocal_density_km2_scaled,0,0,0,0,non-significant,canopy_height_900m_coef,Bwabwata,4938,0.0658978827737382,0.863466760458405,0.86130280325617,2,50,18644,-500184.643410957,69369,loo_canopy_height_900m_coef_no_bwabwata_1000m_local_density_smoothed,builds/loo_models/loo_canopy_height_900m_coef_no_bwabwata_1000m_local_density_smoothed.Rds,TRUE,TRUE,TRUE,TRUE,TRUE,FALSE,TRUE,TRUE,FALSE,Vegetation Height Trend,slocal_density_km2_scaled
smonths_extreme_drought_scaled,0,0,0,0,non-significant,canopy_height_900m_coef,Bwabwata,4938,0.0658978827737382,0.863466760458405,0.86130280325617,2,50,18644,-500184.643410957,69369,loo_canopy_height_900m_coef_no_bwabwata_1000m_local_density_smoothed,builds/loo_models/loo_canopy_height_900m_coef_no_bwabwata_1000m_local_density_smoothed.Rds,TRUE,TRUE,TRUE,TRUE,TRUE,FALSE,TRUE,TRUE,FALSE,Vegetation Height Trend,smonths_extreme_drought_scaled
sfire_frequency_scaled,0,0,0,0,non-significant,canopy_height_900m_coef,Bwabwata,4938,0.0658978827737382,0.863466760458405,0.86130280325617,2,50,18644,-500184.643410957,69369,loo_canopy_height_900m_coef_no_bwabwata_1000m_local_density_smoothed,builds/loo_models/loo_canopy_height_900m_coef_no_bwabwata_1000m_local_density_smoothed.Rds,TRUE,TRUE,TRUE,TRUE,TRUE,FALSE,TRUE,TRUE,FALSE,Vegetation Height Trend,sfire_frequency_scaled
sprec_coef_scaled,0,0,0,0,non-significant,canopy_height_900m_coef,Bwabwata,4938,0.0658978827737382,0.863466760458405,0.86130280325617,2,50,18644,-500184.643410957,69369,loo_canopy_height_900m_coef_no_bwabwata_1000m_local_density_smoothed,builds/loo_models/loo_canopy_height_900m_coef_no_bwabwata_1000m_local_density_smoothed.Rds,TRUE,TRUE,TRUE,TRUE,TRUE,FALSE,TRUE,TRUE,FALSE,Vegetation Height Trend,sprec_coef_scaled
(Intercept),-0.0103728076954334,0.00034978940271896,-0.0110583823269363,-0.00968723306393044,negative,canopy_height_900m_coef,Chobe,4891,0.0588298691615551,0.854216716192834,0.852301428738946,2,50,18309,-498198.021137787,69416,loo_canopy_height_900m_coef_no_chobe_1000m_local_density_smoothed,builds/loo_models/loo_canopy_height_900m_coef_no_chobe_1000m_local_density_smoothed.Rds,TRUE,TRUE,TRUE,TRUE,TRUE,FALSE,TRUE,TRUE,FALSE,Vegetation Height Trend,(Intercept)
slocal_density_km2_scaled,0,0,0,0,non-significant,canopy_height_900m_coef,Chobe,4891,0.0588298691615551,0.854216716192834,0.852301428738946,2,50,18309,-498198.021137787,69416,loo_canopy_height_900m_coef_no_chobe_1000m_local_density_smoothed,builds/loo_models/loo_canopy_height_900m_coef_no_chobe_1000m_local_density_smoothed.Rds,TRUE,TRUE,TRUE,TRUE,TRUE,FALSE,TRUE,TRUE,FALSE,Vegetation Height Trend,slocal_density_km2_scaled
smonths_extreme_drought_scaled,0,0,0,0,non-significant,canopy_height_900m_coef,Chobe,4891,0.0588298691615551,0.854216716192834,0.852301428738946,2,50,18309,-498198.021137787,69416,loo_canopy_height_900m_coef_no_chobe_1000m_local_density_smoothed,builds/loo_models/loo_canopy_height_900m_coef_no_chobe_1000m_local_density_smoothed.Rds,TRUE,TRUE,TRUE,TRUE,TRUE,FALSE,TRUE,TRUE,FALSE,Vegetation Height Trend,smonths_extreme_drought_scaled
sfire_frequency_scaled,0,0,0,0,non-significant,canopy_height_900m_coef,Chobe,4891,0.0588298691615551,0.854216716192834,0.852301428738946,2,50,18309,-498198.021137787,69416,loo_canopy_height_900m_coef_no_chobe_1000m_local_density_smoothed,builds/loo_models/loo_canopy_height_900m_coef_no_chobe_1000m_local_density_smoothed.Rds,TRUE,TRUE,TRUE,TRUE,TRUE,FALSE,TRUE,TRUE,FALSE,Vegetation Height Trend,sfire_frequency_scaled
sprec_coef_scaled,0,0,0,0,non-significant,canopy_height_900m_coef,Chobe,4891,0.0588298691615551,0.854216716192834,0.852301428738946,2,50,18309,-498198.021137787,69416,loo_canopy_height_900m_coef_no_chobe_1000m_local_density_smoothed,builds/loo_models/loo_canopy_height_900m_coef_no_chobe_1000m_local_density_smoothed.Rds,TRUE,TRUE,TRUE,TRUE,TRUE,FALSE,TRUE,TRUE,FALSE,Vegetation Height Trend,sprec_coef_scaled
(Intercept),-0.00975888421797321,0.00034451280080496,-0.010434116899764,-0.00908365153618246,negative,canopy_height_900m_coef,Gonarezhou,2137,0.0600186505783535,0.857442648643153,0.85544738266996,2,50,18985,-519230.403888514,72170,loo_canopy_height_900m_coef_no_gonarezhou_1000m_local_density_smoothed,builds/loo_models/loo_canopy_height_900m_coef_no_gonarezhou_1000m_local_density_smoothed.Rds,TRUE,TRUE,TRUE,TRUE,TRUE,FALSE,TRUE,TRUE,FALSE,Vegetation Height Trend,(Intercept)
slocal_density_km2_scaled,0,0,0,0,non-significant,canopy_height_900m_coef,Gonarezhou,2137,0.0600186505783535,0.857442648643153,0.85544738266996,2,50,18985,-519230.403888514,72170,loo_canopy_height_900m_coef_no_gonarezhou_1000m_local_density_smoothed,builds/loo_models/loo_canopy_height_900m_coef_no_gonarezhou_1000m_local_density_smoothed.Rds,TRUE,TRUE,TRUE,TRUE,TRUE,FALSE,TRUE,TRUE,FALSE,Vegetation Height Trend,slocal_density_km2_scaled
smonths_extreme_drought_scaled,0,0,0,0,non-significant,canopy_height_900m_coef,Gonarezhou,2137,0.0600186505783535,0.857442648643153,0.85544738266996,2,50,18985,-519230.403888514,72170,loo_canopy_height_900m_coef_no_gonarezhou_1000m_local_density_smoothed,builds/loo_models/loo_canopy_height_900m_coef_no_gonarezhou_1000m_local_density_smoothed.Rds,TRUE,TRUE,TRUE,TRUE,TRUE,FALSE,TRUE,TRUE,FALSE,Vegetation Height Trend,smonths_extreme_drought_scaled
sfire_frequency_scaled,0,0,0,0,non-significant,canopy_height_900m_coef,Gonarezhou,2137,0.0600186505783535,0.857442648643153,0.85544738266996,2,50,18985,-519230.403888514,72170,loo_canopy_height_900m_coef_no_gonarezhou_1000m_local_density_smoothed,builds/loo_models/loo_canopy_height_900m_coef_no_gonarezhou_1000m_local_density_smoothed.Rds,TRUE,TRUE,TRUE,TRUE,TRUE,FALSE,TRUE,TRUE,FALSE,Vegetation Height Trend,sfire_frequency_scaled
sprec_coef_scaled,0,0,0,0,non-significant,canopy_height_900m_coef,Gonarezhou,2137,0.0600186505783535,0.857442648643153,0.85544738266996,2,50,18985,-519230.403888514,72170,loo_canopy_height_900m_coef_no_gonarezhou_1000m_local_density_smoothed,builds/loo_models/loo_canopy_height_900m_coef_no_gonarezhou_1000m_local_density_smoothed.Rds,TRUE,TRUE,TRUE,TRUE,TRUE,FALSE,TRUE,TRUE,FALSE,Vegetation Height Trend,sprec_coef_scaled
(Intercept),-0.00991214409027799,0.000344884516382749,-0.0105881053212137,-0.00923618285934229,negative,canopy_height_900m_coef,Hluhluwe – iMfolozi Park,625,0.0586824635776569,0.859423991324499,0.857484526796065,2,50,19271,-530315.123476036,73682,loo_canopy_height_900m_coef_no_hluhluwe_–_imfolozi_park_1000m_local_density_smoothed,builds/loo_models/loo_canopy_height_900m_coef_no_hluhluwe_–_imfolozi_park_1000m_local_density_smoothed.Rds,TRUE,TRUE,TRUE,TRUE,TRUE,FALSE,TRUE,TRUE,FALSE,Vegetation Height Trend,(Intercept)
slocal_density_km2_scaled,0,0,0,0,non-significant,canopy_height_900m_coef,Hluhluwe – iMfolozi Park,625,0.0586824635776569,0.859423991324499,0.857484526796065,2,50,19271,-530315.123476036,73682,loo_canopy_height_900m_coef_no_hluhluwe_–_imfolozi_park_1000m_local_density_smoothed,builds/loo_models/loo_canopy_height_900m_coef_no_hluhluwe_–_imfolozi_park_1000m_local_density_smoothed.Rds,TRUE,TRUE,TRUE,TRUE,TRUE,FALSE,TRUE,TRUE,FALSE,Vegetation Height Trend,slocal_density_km2_scaled
smonths_extreme_drought_scaled,0,0,0,0,non-significant,canopy_height_900m_coef,Hluhluwe – iMfolozi Park,625,0.0586824635776569,0.859423991324499,0.857484526796065,2,50,19271,-530315.123476036,73682,loo_canopy_height_900m_coef_no_hluhluwe_–_imfolozi_park_1000m_local_density_smoothed,builds/loo_models/loo_canopy_height_900m_coef_no_hluhluwe_–_imfolozi_park_1000m_local_density_smoothed.Rds,TRUE,TRUE,TRUE,TRUE,TRUE,FALSE,TRUE,TRUE,FALSE,Vegetation Height Trend,smonths_extreme_drought_scaled
sfire_frequency_scaled,0,0,0,0,non-significant,canopy_height_900m_coef,Hluhluwe – iMfolozi Park,625,0.0586824635776569,0.859423991324499,0.857484526796065,2,50,19271,-530315.123476036,73682,loo_canopy_height_900m_coef_no_hluhluwe_–_imfolozi_park_1000m_local_density_smoothed,builds/loo_models/loo_canopy_height_900m_coef_no_hluhluwe_–_imfolozi_park_1000m_local_density_smoothed.Rds,TRUE,TRUE,TRUE,TRUE,TRUE,FALSE,TRUE,TRUE,FALSE,Vegetation Height Trend,sfire_frequency_scaled
sprec_coef_scaled,0,0,0,0,non-significant,canopy_height_900m_coef,Hluhluwe – iMfolozi Park,625,0.0586824635776569,0.859423991324499,0.857484526796065,2,50,19271,-530315.123476036,73682,loo_canopy_height_900m_coef_no_hluhluwe_–_imfolozi_park_1000m_local_density_smoothed,builds/loo_models/loo_canopy_height_900m_coef_no_hluhluwe_–_imfolozi_park_1000m_local_density_smoothed.Rds,TRUE,TRUE,TRUE,TRUE,TRUE,FALSE,TRUE,TRUE,FALSE,Vegetation Height Trend,sprec_coef_scaled
(Intercept),-0.00995345727414299,0.000376460783480968,-0.0106913068513574,-0.00921560769692856,negative,canopy_height_900m_coef,Hwange,8652,0.0721364708124526,0.859735534078421,0.857691624076219,2,50,17557,-470072.273424234,65655,loo_canopy_height_900m_coef_no_hwange_1000m_local_density_smoothed,builds/loo_models/loo_canopy_height_900m_coef_no_hwange_1000m_local_density_smoothed.Rds,TRUE,TRUE,TRUE,TRUE,TRUE,FALSE,TRUE,TRUE,FALSE,Vegetation Height Trend,(Intercept)
slocal_density_km2_scaled,0,0,0,0,non-significant,canopy_height_900m_coef,Hwange,8652,0.0721364708124526,0.859735534078421,0.857691624076219,2,50,17557,-470072.273424234,65655,loo_canopy_height_900m_coef_no_hwange_1000m_local_density_smoothed,builds/loo_models/loo_canopy_height_900m_coef_no_hwange_1000m_local_density_smoothed.Rds,TRUE,TRUE,TRUE,TRUE,TRUE,FALSE,TRUE,TRUE,FALSE,Vegetation Height Trend,slocal_density_km2_scaled
smonths_extreme_drought_scaled,0,0,0,0,non-significant,canopy_height_900m_coef,Hwange,8652,0.0721364708124526,0.859735534078421,0.857691624076219,2,50,17557,-470072.273424234,65655,loo_canopy_height_900m_coef_no_hwange_1000m_local_density_smoothed,builds/loo_models/loo_canopy_height_900m_coef_no_hwange_1000m_local_density_smoothed.Rds,TRUE,TRUE,TRUE,TRUE,TRUE,FALSE,TRUE,TRUE,FALSE,Vegetation Height Trend,smonths_extreme_drought_scaled
sfire_frequency_scaled,0,0,0,0,non-significant,canopy_height_900m_coef,Hwange,8652,0.0721364708124526,0.859735534078421,0.857691624076219,2,50,17557,-470072.273424234,65655,loo_canopy_height_900m_coef_no_hwange_1000m_local_density_smoothed,builds/loo_models/loo_canopy_height_900m_coef_no_hwange_1000m_local_density_smoothed.Rds,TRUE,TRUE,TRUE,TRUE,TRUE,FALSE,TRUE,TRUE,FALSE,Vegetation Height Trend,sfire_frequency_scaled
sprec_coef_scaled,0,0,0,0,non-significant,canopy_height_900m_coef,Hwange,8652,0.0721364708124526,0.859735534078421,0.857691624076219,2,50,17557,-470072.273424234,65655,loo_canopy_height_900m_coef_no_hwange_1000m_local_density_smoothed,builds/loo_models/loo_canopy_height_900m_coef_no_hwange_1000m_local_density_smoothed.Rds,TRUE,TRUE,TRUE,TRUE,TRUE,FALSE,TRUE,TRUE,FALSE,Vegetation Height Trend,sprec_coef_scaled
(Intercept),-0.0099695309855241,0.000343289075775867,-0.0106423652103308,-0.00929669676071736,negative,canopy_height_900m_coef,Itala Nature Reserve,199,0.0576268831082302,0.858271861862847,0.856327547920791,2,50,19567,-533202.343823622,74108,loo_canopy_height_900m_coef_no_itala_nature_reserve_1000m_local_density_smoothed,builds/loo_models/loo_canopy_height_900m_coef_no_itala_nature_reserve_1000m_local_density_smoothed.Rds,TRUE,TRUE,TRUE,TRUE,TRUE,FALSE,TRUE,TRUE,FALSE,Vegetation Height Trend,(Intercept)
slocal_density_km2_scaled,0,0,0,0,non-significant,canopy_height_900m_coef,Itala Nature Reserve,199,0.0576268831082302,0.858271861862847,0.856327547920791,2,50,19567,-533202.343823622,74108,loo_canopy_height_900m_coef_no_itala_nature_reserve_1000m_local_density_smoothed,builds/loo_models/loo_canopy_height_900m_coef_no_itala_nature_reserve_1000m_local_density_smoothed.Rds,TRUE,TRUE,TRUE,TRUE,TRUE,FALSE,TRUE,TRUE,FALSE,Vegetation Height Trend,slocal_density_km2_scaled
smonths_extreme_drought_scaled,0,0,0,0,non-significant,canopy_height_900m_coef,Itala Nature Reserve,199,0.0576268831082302,0.858271861862847,0.856327547920791,2,50,19567,-533202.343823622,74108,loo_canopy_height_900m_coef_no_itala_nature_reserve_1000m_local_density_smoothed,builds/loo_models/loo_canopy_height_900m_coef_no_itala_nature_reserve_1000m_local_density_smoothed.Rds,TRUE,TRUE,TRUE,TRUE,TRUE,FALSE,TRUE,TRUE,FALSE,Vegetation Height Trend,smonths_extreme_drought_scaled
sfire_frequency_scaled,0,0,0,0,non-significant,canopy_height_900m_coef,Itala Nature Reserve,199,0.0576268831082302,0.858271861862847,0.856327547920791,2,50,19567,-533202.343823622,74108,loo_canopy_height_900m_coef_no_itala_nature_reserve_1000m_local_density_smoothed,builds/loo_models/loo_canopy_height_900m_coef_no_itala_nature_reserve_1000m_local_density_smoothed.Rds,TRUE,TRUE,TRUE,TRUE,TRUE,FALSE,TRUE,TRUE,FALSE,Vegetation Height Trend,sfire_frequency_scaled
sprec_coef_scaled,0,0,0,0,non-significant,canopy_height_900m_coef,Itala Nature Reserve,199,0.0576268831082302,0.858271861862847,0.856327547920791,2,50,19567,-533202.343823622,74108,loo_canopy_height_900m_coef_no_itala_nature_reserve_1000m_local_density_smoothed,builds/loo_models/loo_canopy_height_900m_coef_no_itala_nature_reserve_1000m_local_density_smoothed.Rds,TRUE,TRUE,TRUE,TRUE,TRUE,FALSE,TRUE,TRUE,FALSE,Vegetation Height Trend,sprec_coef_scaled
(Intercept),-0.0103990467013058,0.000322205227654042,-0.0110305573431383,-0.00976753605947337,negative,canopy_height_900m_coef,Kasungu National Park,1755,0.0392055018091633,0.841889903417176,0.839771050274497,2,50,18982,-522353.79948555,72552,loo_canopy_height_900m_coef_no_kasungu_national_park_1000m_local_density_smoothed,builds/loo_models/loo_canopy_height_900m_coef_no_kasungu_national_park_1000m_local_density_smoothed.Rds,TRUE,TRUE,TRUE,TRUE,TRUE,FALSE,TRUE,TRUE,FALSE,Vegetation Height Trend,(Intercept)
slocal_density_km2_scaled,0,0,0,0,non-significant,canopy_height_900m_coef,Kasungu National Park,1755,0.0392055018091633,0.841889903417176,0.839771050274497,2,50,18982,-522353.79948555,72552,loo_canopy_height_900m_coef_no_kasungu_national_park_1000m_local_density_smoothed,builds/loo_models/loo_canopy_height_900m_coef_no_kasungu_national_park_1000m_local_density_smoothed.Rds,TRUE,TRUE,TRUE,TRUE,TRUE,FALSE,TRUE,TRUE,FALSE,Vegetation Height Trend,slocal_density_km2_scaled
smonths_extreme_drought_scaled,0,0,0,0,non-significant,canopy_height_900m_coef,Kasungu National Park,1755,0.0392055018091633,0.841889903417176,0.839771050274497,2,50,18982,-522353.79948555,72552,loo_canopy_height_900m_coef_no_kasungu_national_park_1000m_local_density_smoothed,builds/loo_models/loo_canopy_height_900m_coef_no_kasungu_national_park_1000m_local_density_smoothed.Rds,TRUE,TRUE,TRUE,TRUE,TRUE,FALSE,TRUE,TRUE,FALSE,Vegetation Height Trend,smonths_extreme_drought_scaled
sfire_frequency_scaled,0,0,0,0,non-significant,canopy_height_900m_coef,Kasungu National Park,1755,0.0392055018091633,0.841889903417176,0.839771050274497,2,50,18982,-522353.79948555,72552,loo_canopy_height_900m_coef_no_kasungu_national_park_1000m_local_density_smoothed,builds/loo_models/loo_canopy_height_900m_coef_no_kasungu_national_park_1000m_local_density_smoothed.Rds,TRUE,TRUE,TRUE,TRUE,TRUE,FALSE,TRUE,TRUE,FALSE,Vegetation Height Trend,sfire_frequency_scaled
sprec_coef_scaled,0,0,0,0,non-significant,canopy_height_900m_coef,Kasungu National Park,1755,0.0392055018091633,0.841889903417176,0.839771050274497,2,50,18982,-522353.79948555,72552,loo_canopy_height_900m_coef_no_kasungu_national_park_1000m_local_density_smoothed,builds/loo_models/loo_canopy_height_900m_coef_no_kasungu_national_park_1000m_local_density_smoothed.Rds,TRUE,TRUE,TRUE,TRUE,TRUE,FALSE,TRUE,TRUE,FALSE,Vegetation Height Trend,sprec_coef_scaled
(Intercept),-0.0100061065469963,0.000352168580176484,-0.0106963442806288,-0.00931586881336376,negative,canopy_height_900m_coef,Khaudum,2528,0.0760504915326731,0.859237971962911,0.857254802997671,2,50,19048,-514987.99972161,71779,loo_canopy_height_900m_coef_no_khaudum_1000m_local_density_smoothed,builds/loo_models/loo_canopy_height_900m_coef_no_khaudum_1000m_local_density_smoothed.Rds,TRUE,TRUE,TRUE,TRUE,TRUE,TRUE,TRUE,TRUE,TRUE,Vegetation Height Trend,(Intercept)
slocal_density_km2_scaled,0,0,0,0,non-significant,canopy_height_900m_coef,Khaudum,2528,0.0760504915326731,0.859237971962911,0.857254802997671,2,50,19048,-514987.99972161,71779,loo_canopy_height_900m_coef_no_khaudum_1000m_local_density_smoothed,builds/loo_models/loo_canopy_height_900m_coef_no_khaudum_1000m_local_density_smoothed.Rds,TRUE,TRUE,TRUE,TRUE,TRUE,TRUE,TRUE,TRUE,TRUE,Vegetation Height Trend,slocal_density_km2_scaled
smonths_extreme_drought_scaled,0,0,0,0,non-significant,canopy_height_900m_coef,Khaudum,2528,0.0760504915326731,0.859237971962911,0.857254802997671,2,50,19048,-514987.99972161,71779,loo_canopy_height_900m_coef_no_khaudum_1000m_local_density_smoothed,builds/loo_models/loo_canopy_height_900m_coef_no_khaudum_1000m_local_density_smoothed.Rds,TRUE,TRUE,TRUE,TRUE,TRUE,TRUE,TRUE,TRUE,TRUE,Vegetation Height Trend,smonths_extreme_drought_scaled
sfire_frequency_scaled,0,0,0,0,non-significant,canopy_height_900m_coef,Khaudum,2528,0.0760504915326731,0.859237971962911,0.857254802997671,2,50,19048,-514987.99972161,71779,loo_canopy_height_900m_coef_no_khaudum_1000m_local_density_smoothed,builds/loo_models/loo_canopy_height_900m_coef_no_khaudum_1000m_local_density_smoothed.Rds,TRUE,TRUE,TRUE,TRUE,TRUE,TRUE,TRUE,TRUE,TRUE,Vegetation Height Trend,sfire_frequency_scaled
sprec_coef_scaled,0,0,0,0,non-significant,canopy_height_900m_coef,Khaudum,2528,0.0760504915326731,0.859237971962911,0.857254802997671,2,50,19048,-514987.99972161,71779,loo_canopy_height_900m_coef_no_khaudum_1000m_local_density_smoothed,builds/loo_models/loo_canopy_height_900m_coef_no_khaudum_1000m_local_density_smoothed.Rds,TRUE,TRUE,TRUE,TRUE,TRUE,TRUE,TRUE,TRUE,TRUE,Vegetation Height Trend,sprec_coef_scaled
(Intercept),-0.00991167378738359,0.000344384493451331,-0.0105866549913823,-0.00923669258338491,negative,canopy_height_900m_coef,Klaserie Private Nature Reserve,392,0.0595857589690626,0.85873397949105,0.856809380653414,2,50,19566,-531619.754376106,73915,loo_canopy_height_900m_coef_no_klaserie_private_nature_reserve_1000m_local_density_smoothed,builds/loo_models/loo_canopy_height_900m_coef_no_klaserie_private_nature_reserve_1000m_local_density_smoothed.Rds,TRUE,TRUE,TRUE,TRUE,TRUE,FALSE,TRUE,TRUE,FALSE,Vegetation Height Trend,(Intercept)
slocal_density_km2_scaled,0,0,0,0,non-significant,canopy_height_900m_coef,Klaserie Private Nature Reserve,392,0.0595857589690626,0.85873397949105,0.856809380653414,2,50,19566,-531619.754376106,73915,loo_canopy_height_900m_coef_no_klaserie_private_nature_reserve_1000m_local_density_smoothed,builds/loo_models/loo_canopy_height_900m_coef_no_klaserie_private_nature_reserve_1000m_local_density_smoothed.Rds,TRUE,TRUE,TRUE,TRUE,TRUE,FALSE,TRUE,TRUE,FALSE,Vegetation Height Trend,slocal_density_km2_scaled
smonths_extreme_drought_scaled,0,0,0,0,non-significant,canopy_height_900m_coef,Klaserie Private Nature Reserve,392,0.0595857589690626,0.85873397949105,0.856809380653414,2,50,19566,-531619.754376106,73915,loo_canopy_height_900m_coef_no_klaserie_private_nature_reserve_1000m_local_density_smoothed,builds/loo_models/loo_canopy_height_900m_coef_no_klaserie_private_nature_reserve_1000m_local_density_smoothed.Rds,TRUE,TRUE,TRUE,TRUE,TRUE,FALSE,TRUE,TRUE,FALSE,Vegetation Height Trend,smonths_extreme_drought_scaled
sfire_frequency_scaled,0,0,0,0,non-significant,canopy_height_900m_coef,Klaserie Private Nature Reserve,392,0.0595857589690626,0.85873397949105,0.856809380653414,2,50,19566,-531619.754376106,73915,loo_canopy_height_900m_coef_no_klaserie_private_nature_reserve_1000m_local_density_smoothed,builds/loo_models/loo_canopy_height_900m_coef_no_klaserie_private_nature_reserve_1000m_local_density_smoothed.Rds,TRUE,TRUE,TRUE,TRUE,TRUE,FALSE,TRUE,TRUE,FALSE,Vegetation Height Trend,sfire_frequency_scaled
sprec_coef_scaled,0,0,0,0,non-significant,canopy_height_900m_coef,Klaserie Private Nature Reserve,392,0.0595857589690626,0.85873397949105,0.856809380653414,2,50,19566,-531619.754376106,73915,loo_canopy_height_900m_coef_no_klaserie_private_nature_reserve_1000m_local_density_smoothed,builds/loo_models/loo_canopy_height_900m_coef_no_klaserie_private_nature_reserve_1000m_local_density_smoothed.Rds,TRUE,TRUE,TRUE,TRUE,TRUE,FALSE,TRUE,TRUE,FALSE,Vegetation Height Trend,sprec_coef_scaled
(Intercept),-0.0101248010124029,0.000382357011301225,-0.0108742069837897,-0.00937539504101617,negative,canopy_height_900m_coef,Kruger National Park,6372,0.0646481086984224,0.856445583724737,0.854447668340076,2,50,17815,-485386.88793344,67935,loo_canopy_height_900m_coef_no_kruger_national_park_1000m_local_density_smoothed,builds/loo_models/loo_canopy_height_900m_coef_no_kruger_national_park_1000m_local_density_smoothed.Rds,TRUE,TRUE,TRUE,TRUE,TRUE,FALSE,TRUE,TRUE,FALSE,Vegetation Height Trend,(Intercept)
slocal_density_km2_scaled,0,0,0,0,non-significant,canopy_height_900m_coef,Kruger National Park,6372,0.0646481086984224,0.856445583724737,0.854447668340076,2,50,17815,-485386.88793344,67935,loo_canopy_height_900m_coef_no_kruger_national_park_1000m_local_density_smoothed,builds/loo_models/loo_canopy_height_900m_coef_no_kruger_national_park_1000m_local_density_smoothed.Rds,TRUE,TRUE,TRUE,TRUE,TRUE,FALSE,TRUE,TRUE,FALSE,Vegetation Height Trend,slocal_density_km2_scaled
smonths_extreme_drought_scaled,0,0,0,0,non-significant,canopy_height_900m_coef,Kruger National Park,6372,0.0646481086984224,0.856445583724737,0.854447668340076,2,50,17815,-485386.88793344,67935,loo_canopy_height_900m_coef_no_kruger_national_park_1000m_local_density_smoothed,builds/loo_models/loo_canopy_height_900m_coef_no_kruger_national_park_1000m_local_density_smoothed.Rds,TRUE,TRUE,TRUE,TRUE,TRUE,FALSE,TRUE,TRUE,FALSE,Vegetation Height Trend,smonths_extreme_drought_scaled
sfire_frequency_scaled,0,0,0,0,non-significant,canopy_height_900m_coef,Kruger National Park,6372,0.0646481086984224,0.856445583724737,0.854447668340076,2,50,17815,-485386.88793344,67935,loo_canopy_height_900m_coef_no_kruger_national_park_1000m_local_density_smoothed,builds/loo_models/loo_canopy_height_900m_coef_no_kruger_national_park_1000m_local_density_smoothed.Rds,TRUE,TRUE,TRUE,TRUE,TRUE,FALSE,TRUE,TRUE,FALSE,Vegetation Height Trend,sfire_frequency_scaled
sprec_coef_scaled,0,0,0,0,non-significant,canopy_height_900m_coef,Kruger National Park,6372,0.0646481086984224,0.856445583724737,0.854447668340076,2,50,17815,-485386.88793344,67935,loo_canopy_height_900m_coef_no_kruger_national_park_1000m_local_density_smoothed,builds/loo_models/loo_canopy_height_900m_coef_no_kruger_national_park_1000m_local_density_smoothed.Rds,TRUE,TRUE,TRUE,TRUE,TRUE,FALSE,TRUE,TRUE,FALSE,Vegetation Height Trend,sprec_coef_scaled
(Intercept),-0.0103372846642154,0.000363516859800046,-0.0110497646171966,-0.00962480471123421,negative,canopy_height_900m_coef,Limpopo,7460,0.0630341968207944,0.859880019393511,0.857829326402612,2,50,18054,-478377.951984811,66847,loo_canopy_height_900m_coef_no_limpopo_1000m_local_density_smoothed,builds/loo_models/loo_canopy_height_900m_coef_no_limpopo_1000m_local_density_smoothed.Rds,TRUE,TRUE,TRUE,TRUE,TRUE,FALSE,TRUE,TRUE,FALSE,Vegetation Height Trend,(Intercept)
slocal_density_km2_scaled,0,0,0,0,non-significant,canopy_height_900m_coef,Limpopo,7460,0.0630341968207944,0.859880019393511,0.857829326402612,2,50,18054,-478377.951984811,66847,loo_canopy_height_900m_coef_no_limpopo_1000m_local_density_smoothed,builds/loo_models/loo_canopy_height_900m_coef_no_limpopo_1000m_local_density_smoothed.Rds,TRUE,TRUE,TRUE,TRUE,TRUE,FALSE,TRUE,TRUE,FALSE,Vegetation Height Trend,slocal_density_km2_scaled
smonths_extreme_drought_scaled,0,0,0,0,non-significant,canopy_height_900m_coef,Limpopo,7460,0.0630341968207944,0.859880019393511,0.857829326402612,2,50,18054,-478377.951984811,66847,loo_canopy_height_900m_coef_no_limpopo_1000m_local_density_smoothed,builds/loo_models/loo_canopy_height_900m_coef_no_limpopo_1000m_local_density_smoothed.Rds,TRUE,TRUE,TRUE,TRUE,TRUE,FALSE,TRUE,TRUE,FALSE,Vegetation Height Trend,smonths_extreme_drought_scaled
sfire_frequency_scaled,0,0,0,0,non-significant,canopy_height_900m_coef,Limpopo,7460,0.0630341968207944,0.859880019393511,0.857829326402612,2,50,18054,-478377.951984811,66847,loo_canopy_height_900m_coef_no_limpopo_1000m_local_density_smoothed,builds/loo_models/loo_canopy_height_900m_coef_no_limpopo_1000m_local_density_smoothed.Rds,TRUE,TRUE,TRUE,TRUE,TRUE,FALSE,TRUE,TRUE,FALSE,Vegetation Height Trend,sfire_frequency_scaled
sprec_coef_scaled,0,0,0,0,non-significant,canopy_height_900m_coef,Limpopo,7460,0.0630341968207944,0.859880019393511,0.857829326402612,2,50,18054,-478377.951984811,66847,loo_canopy_height_900m_coef_no_limpopo_1000m_local_density_smoothed,builds/loo_models/loo_canopy_height_900m_coef_no_limpopo_1000m_local_density_smoothed.Rds,TRUE,TRUE,TRUE,TRUE,TRUE,FALSE,TRUE,TRUE,FALSE,Vegetation Height Trend,sprec_coef_scaled
(Intercept),-0.00868095567097548,0.000415275454515396,-0.00949488060548915,-0.0078670307364618,negative,canopy_height_900m_coef,Luengue-Luiana National Park,20264,0.0386223148681475,0.880798159065125,0.879550990081883,2,50,15722,-397200.637489665,54043,loo_canopy_height_900m_coef_no_luengue-luiana_national_park_1000m_local_density_smoothed,builds/loo_models/loo_canopy_height_900m_coef_no_luengue-luiana_national_park_1000m_local_density_smoothed.Rds,TRUE,TRUE,TRUE,TRUE,TRUE,TRUE,TRUE,TRUE,TRUE,Vegetation Height Trend,(Intercept)
slocal_density_km2_scaled,0,0,0,0,non-significant,canopy_height_900m_coef,Luengue-Luiana National Park,20264,0.0386223148681475,0.880798159065125,0.879550990081883,2,50,15722,-397200.637489665,54043,loo_canopy_height_900m_coef_no_luengue-luiana_national_park_1000m_local_density_smoothed,builds/loo_models/loo_canopy_height_900m_coef_no_luengue-luiana_national_park_1000m_local_density_smoothed.Rds,TRUE,TRUE,TRUE,TRUE,TRUE,TRUE,TRUE,TRUE,TRUE,Vegetation Height Trend,slocal_density_km2_scaled
smonths_extreme_drought_scaled,0,0,0,0,non-significant,canopy_height_900m_coef,Luengue-Luiana National Park,20264,0.0386223148681475,0.880798159065125,0.879550990081883,2,50,15722,-397200.637489665,54043,loo_canopy_height_900m_coef_no_luengue-luiana_national_park_1000m_local_density_smoothed,builds/loo_models/loo_canopy_height_900m_coef_no_luengue-luiana_national_park_1000m_local_density_smoothed.Rds,TRUE,TRUE,TRUE,TRUE,TRUE,TRUE,TRUE,TRUE,TRUE,Vegetation Height Trend,smonths_extreme_drought_scaled
sfire_frequency_scaled,0,0,0,0,non-significant,canopy_height_900m_coef,Luengue-Luiana National Park,20264,0.0386223148681475,0.880798159065125,0.879550990081883,2,50,15722,-397200.637489665,54043,loo_canopy_height_900m_coef_no_luengue-luiana_national_park_1000m_local_density_smoothed,builds/loo_models/loo_canopy_height_900m_coef_no_luengue-luiana_national_park_1000m_local_density_smoothed.Rds,TRUE,TRUE,TRUE,TRUE,TRUE,TRUE,TRUE,TRUE,TRUE,Vegetation Height Trend,sfire_frequency_scaled
sprec_coef_scaled,0,0,0,0,non-significant,canopy_height_900m_coef,Luengue-Luiana National Park,20264,0.0386223148681475,0.880798159065125,0.879550990081883,2,50,15722,-397200.637489665,54043,loo_canopy_height_900m_coef_no_luengue-luiana_national_park_1000m_local_density_smoothed,builds/loo_models/loo_canopy_height_900m_coef_no_luengue-luiana_national_park_1000m_local_density_smoothed.Rds,TRUE,TRUE,TRUE,TRUE,TRUE,TRUE,TRUE,TRUE,TRUE,Vegetation Height Trend,sprec_coef_scaled
(Intercept),-0.00975682631159229,0.000344746407748559,-0.010432516854579,-0.00908113576860555,negative,canopy_height_900m_coef,Moremi,2999,0.0705863476119,0.858459342052724,0.856574333864263,2,50,18914,-513339.018723203,71308,loo_canopy_height_900m_coef_no_moremi_1000m_local_density_smoothed,builds/loo_models/loo_canopy_height_900m_coef_no_moremi_1000m_local_density_smoothed.Rds,TRUE,TRUE,TRUE,TRUE,TRUE,FALSE,TRUE,TRUE,FALSE,Vegetation Height Trend,(Intercept)
slocal_density_km2_scaled,0,0,0,0,non-significant,canopy_height_900m_coef,Moremi,2999,0.0705863476119,0.858459342052724,0.856574333864263,2,50,18914,-513339.018723203,71308,loo_canopy_height_900m_coef_no_moremi_1000m_local_density_smoothed,builds/loo_models/loo_canopy_height_900m_coef_no_moremi_1000m_local_density_smoothed.Rds,TRUE,TRUE,TRUE,TRUE,TRUE,FALSE,TRUE,TRUE,FALSE,Vegetation Height Trend,slocal_density_km2_scaled
smonths_extreme_drought_scaled,0,0,0,0,non-significant,canopy_height_900m_coef,Moremi,2999,0.0705863476119,0.858459342052724,0.856574333864263,2,50,18914,-513339.018723203,71308,loo_canopy_height_900m_coef_no_moremi_1000m_local_density_smoothed,builds/loo_models/loo_canopy_height_900m_coef_no_moremi_1000m_local_density_smoothed.Rds,TRUE,TRUE,TRUE,TRUE,TRUE,FALSE,TRUE,TRUE,FALSE,Vegetation Height Trend,smonths_extreme_drought_scaled
sfire_frequency_scaled,0,0,0,0,non-significant,canopy_height_900m_coef,Moremi,2999,0.0705863476119,0.858459342052724,0.856574333864263,2,50,18914,-513339.018723203,71308,loo_canopy_height_900m_coef_no_moremi_1000m_local_density_smoothed,builds/loo_models/loo_canopy_height_900m_coef_no_moremi_1000m_local_density_smoothed.Rds,TRUE,TRUE,TRUE,TRUE,TRUE,FALSE,TRUE,TRUE,FALSE,Vegetation Height Trend,sfire_frequency_scaled
sprec_coef_scaled,0,0,0,0,non-significant,canopy_height_900m_coef,Moremi,2999,0.0705863476119,0.858459342052724,0.856574333864263,2,50,18914,-513339.018723203,71308,loo_canopy_height_900m_coef_no_moremi_1000m_local_density_smoothed,builds/loo_models/loo_canopy_height_900m_coef_no_moremi_1000m_local_density_smoothed.Rds,TRUE,TRUE,TRUE,TRUE,TRUE,FALSE,TRUE,TRUE,FALSE,Vegetation Height Trend,sprec_coef_scaled
(Intercept),-0.00992692202769176,0.000342406727363812,-0.0105980268813891,-0.00925581717399447,negative,canopy_height_900m_coef,No Park,0,0.0594833402413266,0.858698632748829,0.856776893883757,2,50,19642,-534762.184924649,74307,loo_canopy_height_900m_coef_no_no_park_1000m_local_density_smoothed,builds/loo_models/loo_canopy_height_900m_coef_no_no_park_1000m_local_density_smoothed.Rds,TRUE,TRUE,TRUE,TRUE,TRUE,FALSE,TRUE,TRUE,FALSE,Vegetation Height Trend,(Intercept)
slocal_density_km2_scaled,0,0,0,0,non-significant,canopy_height_900m_coef,No Park,0,0.0594833402413266,0.858698632748829,0.856776893883757,2,50,19642,-534762.184924649,74307,loo_canopy_height_900m_coef_no_no_park_1000m_local_density_smoothed,builds/loo_models/loo_canopy_height_900m_coef_no_no_park_1000m_local_density_smoothed.Rds,TRUE,TRUE,TRUE,TRUE,TRUE,FALSE,TRUE,TRUE,FALSE,Vegetation Height Trend,slocal_density_km2_scaled
smonths_extreme_drought_scaled,0,0,0,0,non-significant,canopy_height_900m_coef,No Park,0,0.0594833402413266,0.858698632748829,0.856776893883757,2,50,19642,-534762.184924649,74307,loo_canopy_height_900m_coef_no_no_park_1000m_local_density_smoothed,builds/loo_models/loo_canopy_height_900m_coef_no_no_park_1000m_local_density_smoothed.Rds,TRUE,TRUE,TRUE,TRUE,TRUE,FALSE,TRUE,TRUE,FALSE,Vegetation Height Trend,smonths_extreme_drought_scaled
sfire_frequency_scaled,0,0,0,0,non-significant,canopy_height_900m_coef,No Park,0,0.0594833402413266,0.858698632748829,0.856776893883757,2,50,19642,-534762.184924649,74307,loo_canopy_height_900m_coef_no_no_park_1000m_local_density_smoothed,builds/loo_models/loo_canopy_height_900m_coef_no_no_park_1000m_local_density_smoothed.Rds,TRUE,TRUE,TRUE,TRUE,TRUE,FALSE,TRUE,TRUE,FALSE,Vegetation Height Trend,sfire_frequency_scaled
sprec_coef_scaled,0,0,0,0,non-significant,canopy_height_900m_coef,No Park,0,0.0594833402413266,0.858698632748829,0.856776893883757,2,50,19642,-534762.184924649,74307,loo_canopy_height_900m_coef_no_no_park_1000m_local_density_smoothed,builds/loo_models/loo_canopy_height_900m_coef_no_no_park_1000m_local_density_smoothed.Rds,TRUE,TRUE,TRUE,TRUE,TRUE,FALSE,TRUE,TRUE,FALSE,Vegetation Height Trend,sprec_coef_scaled
(Intercept),-0.00953276535434885,0.000349538668301258,-0.0102178485554234,-0.00884768215327429,negative,canopy_height_900m_coef,Sioma Ngwezi,3326,0.0590396727749194,0.859790418586576,0.857935223628875,2,50,18911,-512115.85240064,70981,loo_canopy_height_900m_coef_no_sioma_ngwezi_1000m_local_density_smoothed,builds/loo_models/loo_canopy_height_900m_coef_no_sioma_ngwezi_1000m_local_density_smoothed.Rds,TRUE,TRUE,TRUE,TRUE,TRUE,FALSE,TRUE,TRUE,FALSE,Vegetation Height Trend,(Intercept)
slocal_density_km2_scaled,0,0,0,0,non-significant,canopy_height_900m_coef,Sioma Ngwezi,3326,0.0590396727749194,0.859790418586576,0.857935223628875,2,50,18911,-512115.85240064,70981,loo_canopy_height_900m_coef_no_sioma_ngwezi_1000m_local_density_smoothed,builds/loo_models/loo_canopy_height_900m_coef_no_sioma_ngwezi_1000m_local_density_smoothed.Rds,TRUE,TRUE,TRUE,TRUE,TRUE,FALSE,TRUE,TRUE,FALSE,Vegetation Height Trend,slocal_density_km2_scaled
smonths_extreme_drought_scaled,0,0,0,0,non-significant,canopy_height_900m_coef,Sioma Ngwezi,3326,0.0590396727749194,0.859790418586576,0.857935223628875,2,50,18911,-512115.85240064,70981,loo_canopy_height_900m_coef_no_sioma_ngwezi_1000m_local_density_smoothed,builds/loo_models/loo_canopy_height_900m_coef_no_sioma_ngwezi_1000m_local_density_smoothed.Rds,TRUE,TRUE,TRUE,TRUE,TRUE,FALSE,TRUE,TRUE,FALSE,Vegetation Height Trend,smonths_extreme_drought_scaled
sfire_frequency_scaled,0,0,0,0,non-significant,canopy_height_900m_coef,Sioma Ngwezi,3326,0.0590396727749194,0.859790418586576,0.857935223628875,2,50,18911,-512115.85240064,70981,loo_canopy_height_900m_coef_no_sioma_ngwezi_1000m_local_density_smoothed,builds/loo_models/loo_canopy_height_900m_coef_no_sioma_ngwezi_1000m_local_density_smoothed.Rds,TRUE,TRUE,TRUE,TRUE,TRUE,FALSE,TRUE,TRUE,FALSE,Vegetation Height Trend,sfire_frequency_scaled
sprec_coef_scaled,0,0,0,0,non-significant,canopy_height_900m_coef,Sioma Ngwezi,3326,0.0590396727749194,0.859790418586576,0.857935223628875,2,50,18911,-512115.85240064,70981,loo_canopy_height_900m_coef_no_sioma_ngwezi_1000m_local_density_smoothed,builds/loo_models/loo_canopy_height_900m_coef_no_sioma_ngwezi_1000m_local_density_smoothed.Rds,TRUE,TRUE,TRUE,TRUE,TRUE,FALSE,TRUE,TRUE,FALSE,Vegetation Height Trend,sprec_coef_scaled
(Intercept),-0.010484510350295,0.000334186853152271,-0.0111395045465802,-0.00982951615400977,negative,canopy_height_900m_coef,South Luangwa,7769,0.100023936913874,0.854439163162094,0.852426363823613,2,50,18089,-481222.620757961,66538,loo_canopy_height_900m_coef_no_south_luangwa_1000m_local_density_smoothed,builds/loo_models/loo_canopy_height_900m_coef_no_south_luangwa_1000m_local_density_smoothed.Rds,TRUE,TRUE,TRUE,TRUE,TRUE,FALSE,TRUE,TRUE,FALSE,Vegetation Height Trend,(Intercept)
slocal_density_km2_scaled,0,0,0,0,non-significant,canopy_height_900m_coef,South Luangwa,7769,0.100023936913874,0.854439163162094,0.852426363823613,2,50,18089,-481222.620757961,66538,loo_canopy_height_900m_coef_no_south_luangwa_1000m_local_density_smoothed,builds/loo_models/loo_canopy_height_900m_coef_no_south_luangwa_1000m_local_density_smoothed.Rds,TRUE,TRUE,TRUE,TRUE,TRUE,FALSE,TRUE,TRUE,FALSE,Vegetation Height Trend,slocal_density_km2_scaled
smonths_extreme_drought_scaled,0,0,0,0,non-significant,canopy_height_900m_coef,South Luangwa,7769,0.100023936913874,0.854439163162094,0.852426363823613,2,50,18089,-481222.620757961,66538,loo_canopy_height_900m_coef_no_south_luangwa_1000m_local_density_smoothed,builds/loo_models/loo_canopy_height_900m_coef_no_south_luangwa_1000m_local_density_smoothed.Rds,TRUE,TRUE,TRUE,TRUE,TRUE,FALSE,TRUE,TRUE,FALSE,Vegetation Height Trend,smonths_extreme_drought_scaled
sfire_frequency_scaled,0,0,0,0,non-significant,canopy_height_900m_coef,South Luangwa,7769,0.100023936913874,0.854439163162094,0.852426363823613,2,50,18089,-481222.620757961,66538,loo_canopy_height_900m_coef_no_south_luangwa_1000m_local_density_smoothed,builds/loo_models/loo_canopy_height_900m_coef_no_south_luangwa_1000m_local_density_smoothed.Rds,TRUE,TRUE,TRUE,TRUE,TRUE,FALSE,TRUE,TRUE,FALSE,Vegetation Height Trend,sfire_frequency_scaled
sprec_coef_scaled,0,0,0,0,non-significant,canopy_height_900m_coef,South Luangwa,7769,0.100023936913874,0.854439163162094,0.852426363823613,2,50,18089,-481222.620757961,66538,loo_canopy_height_900m_coef_no_south_luangwa_1000m_local_density_smoothed,builds/loo_models/loo_canopy_height_900m_coef_no_south_luangwa_1000m_local_density_smoothed.Rds,TRUE,TRUE,TRUE,TRUE,TRUE,FALSE,TRUE,TRUE,FALSE,Vegetation Height Trend,sprec_coef_scaled
(Intercept),0.633388922046848,0.0457784752792465,0.543664759232367,0.723113084861328,positive,tree_cover_1000m_coef,Bwabwata,4938,0.349057391501419,0.904395187725211,0.90371315442271,2,50,18644,138888.73774247,69369,loo_tree_cover_1000m_coef_no_bwabwata_1000m_local_density_smoothed,builds/loo_models/loo_tree_cover_1000m_coef_no_bwabwata_1000m_local_density_smoothed.Rds,TRUE,TRUE,TRUE,TRUE,TRUE,FALSE,TRUE,TRUE,FALSE,Woody Cover Trend,(Intercept)
slocal_density_km2_scaled,-0.15,0.02,-0.189199279690801,-0.110800720309199,negative,tree_cover_1000m_coef,Bwabwata,4938,0.349057391501419,0.904395187725211,0.90371315442271,2,50,18644,138888.73774247,69369,loo_tree_cover_1000m_coef_no_bwabwata_1000m_local_density_smoothed,builds/loo_models/loo_tree_cover_1000m_coef_no_bwabwata_1000m_local_density_smoothed.Rds,TRUE,TRUE,TRUE,TRUE,TRUE,FALSE,TRUE,TRUE,FALSE,Woody Cover Trend,slocal_density_km2_scaled
smonths_extreme_drought_scaled,0.17,0.03,0.111201080463798,0.228798919536202,positive,tree_cover_1000m_coef,Bwabwata,4938,0.349057391501419,0.904395187725211,0.90371315442271,2,50,18644,138888.73774247,69369,loo_tree_cover_1000m_coef_no_bwabwata_1000m_local_density_smoothed,builds/loo_models/loo_tree_cover_1000m_coef_no_bwabwata_1000m_local_density_smoothed.Rds,TRUE,TRUE,TRUE,TRUE,TRUE,FALSE,TRUE,TRUE,FALSE,Woody Cover Trend,smonths_extreme_drought_scaled
sfire_frequency_scaled,-0.12,0.01,-0.139599639845401,-0.100400360154599,negative,tree_cover_1000m_coef,Bwabwata,4938,0.349057391501419,0.904395187725211,0.90371315442271,2,50,18644,138888.73774247,69369,loo_tree_cover_1000m_coef_no_bwabwata_1000m_local_density_smoothed,builds/loo_models/loo_tree_cover_1000m_coef_no_bwabwata_1000m_local_density_smoothed.Rds,TRUE,TRUE,TRUE,TRUE,TRUE,FALSE,TRUE,TRUE,FALSE,Woody Cover Trend,sfire_frequency_scaled
sprec_coef_scaled,0.74,0.05,0.642001800772997,0.837998199227003,positive,tree_cover_1000m_coef,Bwabwata,4938,0.349057391501419,0.904395187725211,0.90371315442271,2,50,18644,138888.73774247,69369,loo_tree_cover_1000m_coef_no_bwabwata_1000m_local_density_smoothed,builds/loo_models/loo_tree_cover_1000m_coef_no_bwabwata_1000m_local_density_smoothed.Rds,TRUE,TRUE,TRUE,TRUE,TRUE,FALSE,TRUE,TRUE,FALSE,Woody Cover Trend,sprec_coef_scaled
(Intercept),0.631832205399613,0.0458809586910116,0.54190717878906,0.721757232010166,positive,tree_cover_1000m_coef,Chobe,4891,0.35240764647565,0.902558275321583,0.901762732896101,2,50,18309,139746.487697283,69416,loo_tree_cover_1000m_coef_no_chobe_1000m_local_density_smoothed,builds/loo_models/loo_tree_cover_1000m_coef_no_chobe_1000m_local_density_smoothed.Rds,TRUE,TRUE,TRUE,TRUE,TRUE,FALSE,TRUE,TRUE,FALSE,Woody Cover Trend,(Intercept)
slocal_density_km2_scaled,-0.13,0.02,-0.169199279690801,-0.0908007203091989,negative,tree_cover_1000m_coef,Chobe,4891,0.35240764647565,0.902558275321583,0.901762732896101,2,50,18309,139746.487697283,69416,loo_tree_cover_1000m_coef_no_chobe_1000m_local_density_smoothed,builds/loo_models/loo_tree_cover_1000m_coef_no_chobe_1000m_local_density_smoothed.Rds,TRUE,TRUE,TRUE,TRUE,TRUE,FALSE,TRUE,TRUE,FALSE,Woody Cover Trend,slocal_density_km2_scaled
smonths_extreme_drought_scaled,0.18,0.03,0.121201080463798,0.238798919536202,positive,tree_cover_1000m_coef,Chobe,4891,0.35240764647565,0.902558275321583,0.901762732896101,2,50,18309,139746.487697283,69416,loo_tree_cover_1000m_coef_no_chobe_1000m_local_density_smoothed,builds/loo_models/loo_tree_cover_1000m_coef_no_chobe_1000m_local_density_smoothed.Rds,TRUE,TRUE,TRUE,TRUE,TRUE,FALSE,TRUE,TRUE,FALSE,Woody Cover Trend,smonths_extreme_drought_scaled
sfire_frequency_scaled,-0.13,0.01,-0.149599639845401,-0.110400360154599,negative,tree_cover_1000m_coef,Chobe,4891,0.35240764647565,0.902558275321583,0.901762732896101,2,50,18309,139746.487697283,69416,loo_tree_cover_1000m_coef_no_chobe_1000m_local_density_smoothed,builds/loo_models/loo_tree_cover_1000m_coef_no_chobe_1000m_local_density_smoothed.Rds,TRUE,TRUE,TRUE,TRUE,TRUE,FALSE,TRUE,TRUE,FALSE,Woody Cover Trend,sfire_frequency_scaled
sprec_coef_scaled,0.75,0.05,0.652001800772997,0.847998199227003,positive,tree_cover_1000m_coef,Chobe,4891,0.35240764647565,0.902558275321583,0.901762732896101,2,50,18309,139746.487697283,69416,loo_tree_cover_1000m_coef_no_chobe_1000m_local_density_smoothed,builds/loo_models/loo_tree_cover_1000m_coef_no_chobe_1000m_local_density_smoothed.Rds,TRUE,TRUE,TRUE,TRUE,TRUE,FALSE,TRUE,TRUE,FALSE,Woody Cover Trend,sprec_coef_scaled
(Intercept),0.503272433399347,0.0400650319844365,0.424746413670406,0.581798453128288,positive,tree_cover_1000m_coef,Gonarezhou,2137,0.335304281292531,0.894192719086494,0.893341914514109,2,50,18985,142804.613795253,72170,loo_tree_cover_1000m_coef_no_gonarezhou_1000m_local_density_smoothed,builds/loo_models/loo_tree_cover_1000m_coef_no_gonarezhou_1000m_local_density_smoothed.Rds,TRUE,TRUE,TRUE,TRUE,TRUE,TRUE,TRUE,TRUE,TRUE,Woody Cover Trend,(Intercept)
slocal_density_km2_scaled,-0.17,0.02,-0.209199279690801,-0.130800720309199,negative,tree_cover_1000m_coef,Gonarezhou,2137,0.335304281292531,0.894192719086494,0.893341914514109,2,50,18985,142804.613795253,72170,loo_tree_cover_1000m_coef_no_gonarezhou_1000m_local_density_smoothed,builds/loo_models/loo_tree_cover_1000m_coef_no_gonarezhou_1000m_local_density_smoothed.Rds,TRUE,TRUE,TRUE,TRUE,TRUE,TRUE,TRUE,TRUE,TRUE,Woody Cover Trend,slocal_density_km2_scaled
smonths_extreme_drought_scaled,0.2,0.03,0.141201080463798,0.258798919536202,positive,tree_cover_1000m_coef,Gonarezhou,2137,0.335304281292531,0.894192719086494,0.893341914514109,2,50,18985,142804.613795253,72170,loo_tree_cover_1000m_coef_no_gonarezhou_1000m_local_density_smoothed,builds/loo_models/loo_tree_cover_1000m_coef_no_gonarezhou_1000m_local_density_smoothed.Rds,TRUE,TRUE,TRUE,TRUE,TRUE,TRUE,TRUE,TRUE,TRUE,Woody Cover Trend,smonths_extreme_drought_scaled
sfire_frequency_scaled,-0.14,0.01,-0.159599639845401,-0.1204003601546,negative,tree_cover_1000m_coef,Gonarezhou,2137,0.335304281292531,0.894192719086494,0.893341914514109,2,50,18985,142804.613795253,72170,loo_tree_cover_1000m_coef_no_gonarezhou_1000m_local_density_smoothed,builds/loo_models/loo_tree_cover_1000m_coef_no_gonarezhou_1000m_local_density_smoothed.Rds,TRUE,TRUE,TRUE,TRUE,TRUE,TRUE,TRUE,TRUE,TRUE,Woody Cover Trend,sfire_frequency_scaled
sprec_coef_scaled,0.64,0.05,0.542001800772997,0.737998199227003,positive,tree_cover_1000m_coef,Gonarezhou,2137,0.335304281292531,0.894192719086494,0.893341914514109,2,50,18985,142804.613795253,72170,loo_tree_cover_1000m_coef_no_gonarezhou_1000m_local_density_smoothed,builds/loo_models/loo_tree_cover_1000m_coef_no_gonarezhou_1000m_local_density_smoothed.Rds,TRUE,TRUE,TRUE,TRUE,TRUE,TRUE,TRUE,TRUE,TRUE,Woody Cover Trend,sprec_coef_scaled
(Intercept),0.568224140572377,0.043163789617436,0.483624667485939,0.652823613658816,positive,tree_cover_1000m_coef,Hluhluwe – iMfolozi Park,625,0.325751149248621,0.898427930866349,0.897664598898257,2,50,19271,146733.829594843,73682,loo_tree_cover_1000m_coef_no_hluhluwe_–_imfolozi_park_1000m_local_density_smoothed,builds/loo_models/loo_tree_cover_1000m_coef_no_hluhluwe_–_imfolozi_park_1000m_local_density_smoothed.Rds,TRUE,TRUE,TRUE,TRUE,TRUE,FALSE,TRUE,TRUE,FALSE,Woody Cover Trend,(Intercept)
slocal_density_km2_scaled,-0.16,0.02,-0.199199279690801,-0.120800720309199,negative,tree_cover_1000m_coef,Hluhluwe – iMfolozi Park,625,0.325751149248621,0.898427930866349,0.897664598898257,2,50,19271,146733.829594843,73682,loo_tree_cover_1000m_coef_no_hluhluwe_–_imfolozi_park_1000m_local_density_smoothed,builds/loo_models/loo_tree_cover_1000m_coef_no_hluhluwe_–_imfolozi_park_1000m_local_density_smoothed.Rds,TRUE,TRUE,TRUE,TRUE,TRUE,FALSE,TRUE,TRUE,FALSE,Woody Cover Trend,slocal_density_km2_scaled
smonths_extreme_drought_scaled,0.16,0.03,0.101201080463798,0.218798919536202,positive,tree_cover_1000m_coef,Hluhluwe – iMfolozi Park,625,0.325751149248621,0.898427930866349,0.897664598898257,2,50,19271,146733.829594843,73682,loo_tree_cover_1000m_coef_no_hluhluwe_–_imfolozi_park_1000m_local_density_smoothed,builds/loo_models/loo_tree_cover_1000m_coef_no_hluhluwe_–_imfolozi_park_1000m_local_density_smoothed.Rds,TRUE,TRUE,TRUE,TRUE,TRUE,FALSE,TRUE,TRUE,FALSE,Woody Cover Trend,smonths_extreme_drought_scaled
sfire_frequency_scaled,-0.13,0.01,-0.149599639845401,-0.110400360154599,negative,tree_cover_1000m_coef,Hluhluwe – iMfolozi Park,625,0.325751149248621,0.898427930866349,0.897664598898257,2,50,19271,146733.829594843,73682,loo_tree_cover_1000m_coef_no_hluhluwe_–_imfolozi_park_1000m_local_density_smoothed,builds/loo_models/loo_tree_cover_1000m_coef_no_hluhluwe_–_imfolozi_park_1000m_local_density_smoothed.Rds,TRUE,TRUE,TRUE,TRUE,TRUE,FALSE,TRUE,TRUE,FALSE,Woody Cover Trend,sfire_frequency_scaled
sprec_coef_scaled,0.56,0.04,0.481601440618398,0.638398559381602,positive,tree_cover_1000m_coef,Hluhluwe – iMfolozi Park,625,0.325751149248621,0.898427930866349,0.897664598898257,2,50,19271,146733.829594843,73682,loo_tree_cover_1000m_coef_no_hluhluwe_–_imfolozi_park_1000m_local_density_smoothed,builds/loo_models/loo_tree_cover_1000m_coef_no_hluhluwe_–_imfolozi_park_1000m_local_density_smoothed.Rds,TRUE,TRUE,TRUE,TRUE,TRUE,FALSE,TRUE,TRUE,FALSE,Woody Cover Trend,sprec_coef_scaled
(Intercept),0.635156418083296,0.0472270819379305,0.54259303839003,0.727719797776562,positive,tree_cover_1000m_coef,Hwange,8652,0.364271973560312,0.904318620947995,0.903535689704677,2,50,17557,131612.556980086,65655,loo_tree_cover_1000m_coef_no_hwange_1000m_local_density_smoothed,builds/loo_models/loo_tree_cover_1000m_coef_no_hwange_1000m_local_density_smoothed.Rds,TRUE,TRUE,TRUE,TRUE,TRUE,FALSE,TRUE,TRUE,FALSE,Woody Cover Trend,(Intercept)
slocal_density_km2_scaled,0.16,0.02,0.120800720309199,0.199199279690801,positive,tree_cover_1000m_coef,Hwange,8652,0.364271973560312,0.904318620947995,0.903535689704677,2,50,17557,131612.556980086,65655,loo_tree_cover_1000m_coef_no_hwange_1000m_local_density_smoothed,builds/loo_models/loo_tree_cover_1000m_coef_no_hwange_1000m_local_density_smoothed.Rds,TRUE,TRUE,TRUE,TRUE,TRUE,FALSE,TRUE,TRUE,FALSE,Woody Cover Trend,slocal_density_km2_scaled
smonths_extreme_drought_scaled,0.15,0.03,0.0912010804637984,0.208798919536202,positive,tree_cover_1000m_coef,Hwange,8652,0.364271973560312,0.904318620947995,0.903535689704677,2,50,17557,131612.556980086,65655,loo_tree_cover_1000m_coef_no_hwange_1000m_local_density_smoothed,builds/loo_models/loo_tree_cover_1000m_coef_no_hwange_1000m_local_density_smoothed.Rds,TRUE,TRUE,TRUE,TRUE,TRUE,FALSE,TRUE,TRUE,FALSE,Woody Cover Trend,smonths_extreme_drought_scaled
sfire_frequency_scaled,-0.12,0.01,-0.139599639845401,-0.100400360154599,negative,tree_cover_1000m_coef,Hwange,8652,0.364271973560312,0.904318620947995,0.903535689704677,2,50,17557,131612.556980086,65655,loo_tree_cover_1000m_coef_no_hwange_1000m_local_density_smoothed,builds/loo_models/loo_tree_cover_1000m_coef_no_hwange_1000m_local_density_smoothed.Rds,TRUE,TRUE,TRUE,TRUE,TRUE,FALSE,TRUE,TRUE,FALSE,Woody Cover Trend,sfire_frequency_scaled
sprec_coef_scaled,0.76,0.05,0.662001800772997,0.857998199227003,positive,tree_cover_1000m_coef,Hwange,8652,0.364271973560312,0.904318620947995,0.903535689704677,2,50,17557,131612.556980086,65655,loo_tree_cover_1000m_coef_no_hwange_1000m_local_density_smoothed,builds/loo_models/loo_tree_cover_1000m_coef_no_hwange_1000m_local_density_smoothed.Rds,TRUE,TRUE,TRUE,TRUE,TRUE,FALSE,TRUE,TRUE,FALSE,Woody Cover Trend,sprec_coef_scaled
(Intercept),0.58989334157378,0.043215264869156,0.505192978847875,0.674593704299685,positive,tree_cover_1000m_coef,Itala Nature Reserve,199,0.344287431453698,0.901352323767535,0.900595184676411,2,50,19567,147876.350592938,74108,loo_tree_cover_1000m_coef_no_itala_nature_reserve_1000m_local_density_smoothed,builds/loo_models/loo_tree_cover_1000m_coef_no_itala_nature_reserve_1000m_local_density_smoothed.Rds,TRUE,TRUE,TRUE,TRUE,TRUE,FALSE,TRUE,TRUE,FALSE,Woody Cover Trend,(Intercept)
slocal_density_km2_scaled,-0.15,0.02,-0.189199279690801,-0.110800720309199,negative,tree_cover_1000m_coef,Itala Nature Reserve,199,0.344287431453698,0.901352323767535,0.900595184676411,2,50,19567,147876.350592938,74108,loo_tree_cover_1000m_coef_no_itala_nature_reserve_1000m_local_density_smoothed,builds/loo_models/loo_tree_cover_1000m_coef_no_itala_nature_reserve_1000m_local_density_smoothed.Rds,TRUE,TRUE,TRUE,TRUE,TRUE,FALSE,TRUE,TRUE,FALSE,Woody Cover Trend,slocal_density_km2_scaled
smonths_extreme_drought_scaled,0.18,0.03,0.121201080463798,0.238798919536202,positive,tree_cover_1000m_coef,Itala Nature Reserve,199,0.344287431453698,0.901352323767535,0.900595184676411,2,50,19567,147876.350592938,74108,loo_tree_cover_1000m_coef_no_itala_nature_reserve_1000m_local_density_smoothed,builds/loo_models/loo_tree_cover_1000m_coef_no_itala_nature_reserve_1000m_local_density_smoothed.Rds,TRUE,TRUE,TRUE,TRUE,TRUE,FALSE,TRUE,TRUE,FALSE,Woody Cover Trend,smonths_extreme_drought_scaled
sfire_frequency_scaled,-0.13,0.01,-0.149599639845401,-0.110400360154599,negative,tree_cover_1000m_coef,Itala Nature Reserve,199,0.344287431453698,0.901352323767535,0.900595184676411,2,50,19567,147876.350592938,74108,loo_tree_cover_1000m_coef_no_itala_nature_reserve_1000m_local_density_smoothed,builds/loo_models/loo_tree_cover_1000m_coef_no_itala_nature_reserve_1000m_local_density_smoothed.Rds,TRUE,TRUE,TRUE,TRUE,TRUE,FALSE,TRUE,TRUE,FALSE,Woody Cover Trend,sfire_frequency_scaled
sprec_coef_scaled,0.74,0.05,0.642001800772997,0.837998199227003,positive,tree_cover_1000m_coef,Itala Nature Reserve,199,0.344287431453698,0.901352323767535,0.900595184676411,2,50,19567,147876.350592938,74108,loo_tree_cover_1000m_coef_no_itala_nature_reserve_1000m_local_density_smoothed,builds/loo_models/loo_tree_cover_1000m_coef_no_itala_nature_reserve_1000m_local_density_smoothed.Rds,TRUE,TRUE,TRUE,TRUE,TRUE,FALSE,TRUE,TRUE,FALSE,Woody Cover Trend,sprec_coef_scaled
(Intercept),0.577673592765574,0.0433878851581655,0.49263490049021,0.662712285040938,positive,tree_cover_1000m_coef,Kasungu National Park,1755,0.352095151944506,0.902366163575001,0.901609560386442,2,50,18982,143674.328762057,72552,loo_tree_cover_1000m_coef_no_kasungu_national_park_1000m_local_density_smoothed,builds/loo_models/loo_tree_cover_1000m_coef_no_kasungu_national_park_1000m_local_density_smoothed.Rds,TRUE,TRUE,TRUE,TRUE,TRUE,FALSE,TRUE,TRUE,FALSE,Woody Cover Trend,(Intercept)
slocal_density_km2_scaled,-0.15,0.02,-0.189199279690801,-0.110800720309199,negative,tree_cover_1000m_coef,Kasungu National Park,1755,0.352095151944506,0.902366163575001,0.901609560386442,2,50,18982,143674.328762057,72552,loo_tree_cover_1000m_coef_no_kasungu_national_park_1000m_local_density_smoothed,builds/loo_models/loo_tree_cover_1000m_coef_no_kasungu_national_park_1000m_local_density_smoothed.Rds,TRUE,TRUE,TRUE,TRUE,TRUE,FALSE,TRUE,TRUE,FALSE,Woody Cover Trend,slocal_density_km2_scaled
smonths_extreme_drought_scaled,0.18,0.03,0.121201080463798,0.238798919536202,positive,tree_cover_1000m_coef,Kasungu National Park,1755,0.352095151944506,0.902366163575001,0.901609560386442,2,50,18982,143674.328762057,72552,loo_tree_cover_1000m_coef_no_kasungu_national_park_1000m_local_density_smoothed,builds/loo_models/loo_tree_cover_1000m_coef_no_kasungu_national_park_1000m_local_density_smoothed.Rds,TRUE,TRUE,TRUE,TRUE,TRUE,FALSE,TRUE,TRUE,FALSE,Woody Cover Trend,smonths_extreme_drought_scaled
sfire_frequency_scaled,-0.13,0.01,-0.149599639845401,-0.110400360154599,negative,tree_cover_1000m_coef,Kasungu National Park,1755,0.352095151944506,0.902366163575001,0.901609560386442,2,50,18982,143674.328762057,72552,loo_tree_cover_1000m_coef_no_kasungu_national_park_1000m_local_density_smoothed,builds/loo_models/loo_tree_cover_1000m_coef_no_kasungu_national_park_1000m_local_density_smoothed.Rds,TRUE,TRUE,TRUE,TRUE,TRUE,FALSE,TRUE,TRUE,FALSE,Woody Cover Trend,sfire_frequency_scaled
sprec_coef_scaled,0.73,0.05,0.632001800772997,0.827998199227003,positive,tree_cover_1000m_coef,Kasungu National Park,1755,0.352095151944506,0.902366163575001,0.901609560386442,2,50,18982,143674.328762057,72552,loo_tree_cover_1000m_coef_no_kasungu_national_park_1000m_local_density_smoothed,builds/loo_models/loo_tree_cover_1000m_coef_no_kasungu_national_park_1000m_local_density_smoothed.Rds,TRUE,TRUE,TRUE,TRUE,TRUE,FALSE,TRUE,TRUE,FALSE,Woody Cover Trend,sprec_coef_scaled
(Intercept),0.622137448259995,0.0445560120132191,0.534809269419352,0.709465627100638,positive,tree_cover_1000m_coef,Khaudum,2528,0.346133925721118,0.900949343358328,0.900188664469347,2,50,19048,144858.946148766,71779,loo_tree_cover_1000m_coef_no_khaudum_1000m_local_density_smoothed,builds/loo_models/loo_tree_cover_1000m_coef_no_khaudum_1000m_local_density_smoothed.Rds,TRUE,TRUE,TRUE,TRUE,TRUE,FALSE,TRUE,TRUE,FALSE,Woody Cover Trend,(Intercept)
slocal_density_km2_scaled,-0.14,0.02,-0.179199279690801,-0.100800720309199,negative,tree_cover_1000m_coef,Khaudum,2528,0.346133925721118,0.900949343358328,0.900188664469347,2,50,19048,144858.946148766,71779,loo_tree_cover_1000m_coef_no_khaudum_1000m_local_density_smoothed,builds/loo_models/loo_tree_cover_1000m_coef_no_khaudum_1000m_local_density_smoothed.Rds,TRUE,TRUE,TRUE,TRUE,TRUE,FALSE,TRUE,TRUE,FALSE,Woody Cover Trend,slocal_density_km2_scaled
smonths_extreme_drought_scaled,0.2,0.03,0.141201080463798,0.258798919536202,positive,tree_cover_1000m_coef,Khaudum,2528,0.346133925721118,0.900949343358328,0.900188664469347,2,50,19048,144858.946148766,71779,loo_tree_cover_1000m_coef_no_khaudum_1000m_local_density_smoothed,builds/loo_models/loo_tree_cover_1000m_coef_no_khaudum_1000m_local_density_smoothed.Rds,TRUE,TRUE,TRUE,TRUE,TRUE,FALSE,TRUE,TRUE,FALSE,Woody Cover Trend,smonths_extreme_drought_scaled
sfire_frequency_scaled,-0.13,0.01,-0.149599639845401,-0.110400360154599,negative,tree_cover_1000m_coef,Khaudum,2528,0.346133925721118,0.900949343358328,0.900188664469347,2,50,19048,144858.946148766,71779,loo_tree_cover_1000m_coef_no_khaudum_1000m_local_density_smoothed,builds/loo_models/loo_tree_cover_1000m_coef_no_khaudum_1000m_local_density_smoothed.Rds,TRUE,TRUE,TRUE,TRUE,TRUE,FALSE,TRUE,TRUE,FALSE,Woody Cover Trend,sfire_frequency_scaled
sprec_coef_scaled,0.71,0.05,0.612001800772997,0.807998199227003,positive,tree_cover_1000m_coef,Khaudum,2528,0.346133925721118,0.900949343358328,0.900188664469347,2,50,19048,144858.946148766,71779,loo_tree_cover_1000m_coef_no_khaudum_1000m_local_density_smoothed,builds/loo_models/loo_tree_cover_1000m_coef_no_khaudum_1000m_local_density_smoothed.Rds,TRUE,TRUE,TRUE,TRUE,TRUE,FALSE,TRUE,TRUE,FALSE,Woody Cover Trend,sprec_coef_scaled
(Intercept),0.577077646872558,0.0429746234970611,0.49284893256915,0.661306361175967,positive,tree_cover_1000m_coef,Klaserie Private Nature Reserve,392,0.341107283083251,0.900711147474222,0.899947949108133,2,50,19566,147357.80753772,73915,loo_tree_cover_1000m_coef_no_klaserie_private_nature_reserve_1000m_local_density_smoothed,builds/loo_models/loo_tree_cover_1000m_coef_no_klaserie_private_nature_reserve_1000m_local_density_smoothed.Rds,TRUE,TRUE,TRUE,TRUE,TRUE,FALSE,TRUE,TRUE,FALSE,Woody Cover Trend,(Intercept)
slocal_density_km2_scaled,-0.15,0.02,-0.189199279690801,-0.110800720309199,negative,tree_cover_1000m_coef,Klaserie Private Nature Reserve,392,0.341107283083251,0.900711147474222,0.899947949108133,2,50,19566,147357.80753772,73915,loo_tree_cover_1000m_coef_no_klaserie_private_nature_reserve_1000m_local_density_smoothed,builds/loo_models/loo_tree_cover_1000m_coef_no_klaserie_private_nature_reserve_1000m_local_density_smoothed.Rds,TRUE,TRUE,TRUE,TRUE,TRUE,FALSE,TRUE,TRUE,FALSE,Woody Cover Trend,slocal_density_km2_scaled
smonths_extreme_drought_scaled,0.16,0.03,0.101201080463798,0.218798919536202,positive,tree_cover_1000m_coef,Klaserie Private Nature Reserve,392,0.341107283083251,0.900711147474222,0.899947949108133,2,50,19566,147357.80753772,73915,loo_tree_cover_1000m_coef_no_klaserie_private_nature_reserve_1000m_local_density_smoothed,builds/loo_models/loo_tree_cover_1000m_coef_no_klaserie_private_nature_reserve_1000m_local_density_smoothed.Rds,TRUE,TRUE,TRUE,TRUE,TRUE,FALSE,TRUE,TRUE,FALSE,Woody Cover Trend,smonths_extreme_drought_scaled
sfire_frequency_scaled,-0.13,0.01,-0.149599639845401,-0.110400360154599,negative,tree_cover_1000m_coef,Klaserie Private Nature Reserve,392,0.341107283083251,0.900711147474222,0.899947949108133,2,50,19566,147357.80753772,73915,loo_tree_cover_1000m_coef_no_klaserie_private_nature_reserve_1000m_local_density_smoothed,builds/loo_models/loo_tree_cover_1000m_coef_no_klaserie_private_nature_reserve_1000m_local_density_smoothed.Rds,TRUE,TRUE,TRUE,TRUE,TRUE,FALSE,TRUE,TRUE,FALSE,Woody Cover Trend,sfire_frequency_scaled
sprec_coef_scaled,0.73,0.05,0.632001800772997,0.827998199227003,positive,tree_cover_1000m_coef,Klaserie Private Nature Reserve,392,0.341107283083251,0.900711147474222,0.899947949108133,2,50,19566,147357.80753772,73915,loo_tree_cover_1000m_coef_no_klaserie_private_nature_reserve_1000m_local_density_smoothed,builds/loo_models/loo_tree_cover_1000m_coef_no_klaserie_private_nature_reserve_1000m_local_density_smoothed.Rds,TRUE,TRUE,TRUE,TRUE,TRUE,FALSE,TRUE,TRUE,FALSE,Woody Cover Trend,sprec_coef_scaled
(Intercept),0.374411497414976,0.0413986999507517,0.293271536504723,0.45555145832523,positive,tree_cover_1000m_coef,Kruger National Park,6372,0.338825054497983,0.894792829813536,0.893929584340846,2,50,17815,133979.459673241,67935,loo_tree_cover_1000m_coef_no_kruger_national_park_1000m_local_density_smoothed,builds/loo_models/loo_tree_cover_1000m_coef_no_kruger_national_park_1000m_local_density_smoothed.Rds,TRUE,TRUE,TRUE,TRUE,TRUE,TRUE,TRUE,TRUE,TRUE,Woody Cover Trend,(Intercept)
slocal_density_km2_scaled,-0.16,0.02,-0.199199279690801,-0.120800720309199,negative,tree_cover_1000m_coef,Kruger National Park,6372,0.338825054497983,0.894792829813536,0.893929584340846,2,50,17815,133979.459673241,67935,loo_tree_cover_1000m_coef_no_kruger_national_park_1000m_local_density_smoothed,builds/loo_models/loo_tree_cover_1000m_coef_no_kruger_national_park_1000m_local_density_smoothed.Rds,TRUE,TRUE,TRUE,TRUE,TRUE,TRUE,TRUE,TRUE,TRUE,Woody Cover Trend,slocal_density_km2_scaled
smonths_extreme_drought_scaled,0.16,0.03,0.101201080463798,0.218798919536202,positive,tree_cover_1000m_coef,Kruger National Park,6372,0.338825054497983,0.894792829813536,0.893929584340846,2,50,17815,133979.459673241,67935,loo_tree_cover_1000m_coef_no_kruger_national_park_1000m_local_density_smoothed,builds/loo_models/loo_tree_cover_1000m_coef_no_kruger_national_park_1000m_local_density_smoothed.Rds,TRUE,TRUE,TRUE,TRUE,TRUE,TRUE,TRUE,TRUE,TRUE,Woody Cover Trend,smonths_extreme_drought_scaled
sfire_frequency_scaled,-0.13,0.01,-0.149599639845401,-0.110400360154599,negative,tree_cover_1000m_coef,Kruger National Park,6372,0.338825054497983,0.894792829813536,0.893929584340846,2,50,17815,133979.459673241,67935,loo_tree_cover_1000m_coef_no_kruger_national_park_1000m_local_density_smoothed,builds/loo_models/loo_tree_cover_1000m_coef_no_kruger_national_park_1000m_local_density_smoothed.Rds,TRUE,TRUE,TRUE,TRUE,TRUE,TRUE,TRUE,TRUE,TRUE,Woody Cover Trend,sfire_frequency_scaled
sprec_coef_scaled,0.76,0.05,0.662001800772997,0.857998199227003,positive,tree_cover_1000m_coef,Kruger National Park,6372,0.338825054497983,0.894792829813536,0.893929584340846,2,50,17815,133979.459673241,67935,loo_tree_cover_1000m_coef_no_kruger_national_park_1000m_local_density_smoothed,builds/loo_models/loo_tree_cover_1000m_coef_no_kruger_national_park_1000m_local_density_smoothed.Rds,TRUE,TRUE,TRUE,TRUE,TRUE,TRUE,TRUE,TRUE,TRUE,Woody Cover Trend,sprec_coef_scaled
(Intercept),0.444601819282743,0.0469213095150111,0.352637742525865,0.536565896039622,positive,tree_cover_1000m_coef,Limpopo,7460,0.300772469670183,0.898165101143691,0.897303048966096,2,50,18054,129411.087105644,66847,loo_tree_cover_1000m_coef_no_limpopo_1000m_local_density_smoothed,builds/loo_models/loo_tree_cover_1000m_coef_no_limpopo_1000m_local_density_smoothed.Rds,TRUE,TRUE,TRUE,TRUE,TRUE,TRUE,TRUE,TRUE,TRUE,Woody Cover Trend,(Intercept)
slocal_density_km2_scaled,-0.15,0.02,-0.189199279690801,-0.110800720309199,negative,tree_cover_1000m_coef,Limpopo,7460,0.300772469670183,0.898165101143691,0.897303048966096,2,50,18054,129411.087105644,66847,loo_tree_cover_1000m_coef_no_limpopo_1000m_local_density_smoothed,builds/loo_models/loo_tree_cover_1000m_coef_no_limpopo_1000m_local_density_smoothed.Rds,TRUE,TRUE,TRUE,TRUE,TRUE,TRUE,TRUE,TRUE,TRUE,Woody Cover Trend,slocal_density_km2_scaled
smonths_extreme_drought_scaled,0.15,0.03,0.0912010804637984,0.208798919536202,positive,tree_cover_1000m_coef,Limpopo,7460,0.300772469670183,0.898165101143691,0.897303048966096,2,50,18054,129411.087105644,66847,loo_tree_cover_1000m_coef_no_limpopo_1000m_local_density_smoothed,builds/loo_models/loo_tree_cover_1000m_coef_no_limpopo_1000m_local_density_smoothed.Rds,TRUE,TRUE,TRUE,TRUE,TRUE,TRUE,TRUE,TRUE,TRUE,Woody Cover Trend,smonths_extreme_drought_scaled
sfire_frequency_scaled,-0.17,0.01,-0.189599639845401,-0.150400360154599,negative,tree_cover_1000m_coef,Limpopo,7460,0.300772469670183,0.898165101143691,0.897303048966096,2,50,18054,129411.087105644,66847,loo_tree_cover_1000m_coef_no_limpopo_1000m_local_density_smoothed,builds/loo_models/loo_tree_cover_1000m_coef_no_limpopo_1000m_local_density_smoothed.Rds,TRUE,TRUE,TRUE,TRUE,TRUE,TRUE,TRUE,TRUE,TRUE,Woody Cover Trend,sfire_frequency_scaled
sprec_coef_scaled,0.65,0.05,0.552001800772997,0.747998199227003,positive,tree_cover_1000m_coef,Limpopo,7460,0.300772469670183,0.898165101143691,0.897303048966096,2,50,18054,129411.087105644,66847,loo_tree_cover_1000m_coef_no_limpopo_1000m_local_density_smoothed,builds/loo_models/loo_tree_cover_1000m_coef_no_limpopo_1000m_local_density_smoothed.Rds,TRUE,TRUE,TRUE,TRUE,TRUE,TRUE,TRUE,TRUE,TRUE,Woody Cover Trend,sprec_coef_scaled
(Intercept),0.849084953341679,0.0518527298230344,0.747455470388446,0.950714436294913,positive,tree_cover_1000m_coef,Luengue-Luiana National Park,20264,0.348908929400837,0.908715006280359,0.908192591523181,2,50,15722,110141.481148391,54043,loo_tree_cover_1000m_coef_no_luengue-luiana_national_park_1000m_local_density_smoothed,builds/loo_models/loo_tree_cover_1000m_coef_no_luengue-luiana_national_park_1000m_local_density_smoothed.Rds,TRUE,TRUE,TRUE,TRUE,TRUE,TRUE,TRUE,TRUE,TRUE,Woody Cover Trend,(Intercept)
slocal_density_km2_scaled,-0.12,0.02,-0.159199279690801,-0.0808007203091989,negative,tree_cover_1000m_coef,Luengue-Luiana National Park,20264,0.348908929400837,0.908715006280359,0.908192591523181,2,50,15722,110141.481148391,54043,loo_tree_cover_1000m_coef_no_luengue-luiana_national_park_1000m_local_density_smoothed,builds/loo_models/loo_tree_cover_1000m_coef_no_luengue-luiana_national_park_1000m_local_density_smoothed.Rds,TRUE,TRUE,TRUE,TRUE,TRUE,TRUE,TRUE,TRUE,TRUE,Woody Cover Trend,slocal_density_km2_scaled
smonths_extreme_drought_scaled,0.21,0.04,0.131601440618398,0.288398559381602,positive,tree_cover_1000m_coef,Luengue-Luiana National Park,20264,0.348908929400837,0.908715006280359,0.908192591523181,2,50,15722,110141.481148391,54043,loo_tree_cover_1000m_coef_no_luengue-luiana_national_park_1000m_local_density_smoothed,builds/loo_models/loo_tree_cover_1000m_coef_no_luengue-luiana_national_park_1000m_local_density_smoothed.Rds,TRUE,TRUE,TRUE,TRUE,TRUE,TRUE,TRUE,TRUE,TRUE,Woody Cover Trend,smonths_extreme_drought_scaled
sfire_frequency_scaled,0,0.01,-0.0195996398454005,0.0195996398454005,non-significant,tree_cover_1000m_coef,Luengue-Luiana National Park,20264,0.348908929400837,0.908715006280359,0.908192591523181,2,50,15722,110141.481148391,54043,loo_tree_cover_1000m_coef_no_luengue-luiana_national_park_1000m_local_density_smoothed,builds/loo_models/loo_tree_cover_1000m_coef_no_luengue-luiana_national_park_1000m_local_density_smoothed.Rds,TRUE,TRUE,TRUE,TRUE,TRUE,TRUE,TRUE,TRUE,TRUE,Woody Cover Trend,sfire_frequency_scaled
sprec_coef_scaled,0.64,0.05,0.542001800772997,0.737998199227003,positive,tree_cover_1000m_coef,Luengue-Luiana National Park,20264,0.348908929400837,0.908715006280359,0.908192591523181,2,50,15722,110141.481148391,54043,loo_tree_cover_1000m_coef_no_luengue-luiana_national_park_1000m_local_density_smoothed,builds/loo_models/loo_tree_cover_1000m_coef_no_luengue-luiana_national_park_1000m_local_density_smoothed.Rds,TRUE,TRUE,TRUE,TRUE,TRUE,TRUE,TRUE,TRUE,TRUE,Woody Cover Trend,sprec_coef_scaled
(Intercept),0.638758557461045,0.0433083203065495,0.553875809429284,0.723641305492807,positive,tree_cover_1000m_coef,Moremi,2999,0.354419605313486,0.90176996933782,0.900959042963851,2,50,18914,142784.037693128,71308,loo_tree_cover_1000m_coef_no_moremi_1000m_local_density_smoothed,builds/loo_models/loo_tree_cover_1000m_coef_no_moremi_1000m_local_density_smoothed.Rds,TRUE,TRUE,TRUE,TRUE,TRUE,FALSE,TRUE,TRUE,FALSE,Woody Cover Trend,(Intercept)
slocal_density_km2_scaled,-0.16,0.02,-0.199199279690801,-0.120800720309199,negative,tree_cover_1000m_coef,Moremi,2999,0.354419605313486,0.90176996933782,0.900959042963851,2,50,18914,142784.037693128,71308,loo_tree_cover_1000m_coef_no_moremi_1000m_local_density_smoothed,builds/loo_models/loo_tree_cover_1000m_coef_no_moremi_1000m_local_density_smoothed.Rds,TRUE,TRUE,TRUE,TRUE,TRUE,FALSE,TRUE,TRUE,FALSE,Woody Cover Trend,slocal_density_km2_scaled
smonths_extreme_drought_scaled,0.17,0.03,0.111201080463798,0.228798919536202,positive,tree_cover_1000m_coef,Moremi,2999,0.354419605313486,0.90176996933782,0.900959042963851,2,50,18914,142784.037693128,71308,loo_tree_cover_1000m_coef_no_moremi_1000m_local_density_smoothed,builds/loo_models/loo_tree_cover_1000m_coef_no_moremi_1000m_local_density_smoothed.Rds,TRUE,TRUE,TRUE,TRUE,TRUE,FALSE,TRUE,TRUE,FALSE,Woody Cover Trend,smonths_extreme_drought_scaled
sfire_frequency_scaled,-0.13,0.01,-0.149599639845401,-0.110400360154599,negative,tree_cover_1000m_coef,Moremi,2999,0.354419605313486,0.90176996933782,0.900959042963851,2,50,18914,142784.037693128,71308,loo_tree_cover_1000m_coef_no_moremi_1000m_local_density_smoothed,builds/loo_models/loo_tree_cover_1000m_coef_no_moremi_1000m_local_density_smoothed.Rds,TRUE,TRUE,TRUE,TRUE,TRUE,FALSE,TRUE,TRUE,FALSE,Woody Cover Trend,sfire_frequency_scaled
sprec_coef_scaled,0.74,0.05,0.642001800772997,0.837998199227003,positive,tree_cover_1000m_coef,Moremi,2999,0.354419605313486,0.90176996933782,0.900959042963851,2,50,18914,142784.037693128,71308,loo_tree_cover_1000m_coef_no_moremi_1000m_local_density_smoothed,builds/loo_models/loo_tree_cover_1000m_coef_no_moremi_1000m_local_density_smoothed.Rds,TRUE,TRUE,TRUE,TRUE,TRUE,FALSE,TRUE,TRUE,FALSE,Woody Cover Trend,sprec_coef_scaled
(Intercept),0.591536302727022,0.0430972289069708,0.507067286235881,0.676005319218163,positive,tree_cover_1000m_coef,No Park,0,0.345308496758181,0.901381982519783,0.90062202238858,2,50,19642,148286.855266764,74307,loo_tree_cover_1000m_coef_no_no_park_1000m_local_density_smoothed,builds/loo_models/loo_tree_cover_1000m_coef_no_no_park_1000m_local_density_smoothed.Rds,TRUE,TRUE,TRUE,TRUE,TRUE,FALSE,TRUE,TRUE,FALSE,Woody Cover Trend,(Intercept)
slocal_density_km2_scaled,-0.15,0.02,-0.189199279690801,-0.110800720309199,negative,tree_cover_1000m_coef,No Park,0,0.345308496758181,0.901381982519783,0.90062202238858,2,50,19642,148286.855266764,74307,loo_tree_cover_1000m_coef_no_no_park_1000m_local_density_smoothed,builds/loo_models/loo_tree_cover_1000m_coef_no_no_park_1000m_local_density_smoothed.Rds,TRUE,TRUE,TRUE,TRUE,TRUE,FALSE,TRUE,TRUE,FALSE,Woody Cover Trend,slocal_density_km2_scaled
smonths_extreme_drought_scaled,0.18,0.03,0.121201080463798,0.238798919536202,positive,tree_cover_1000m_coef,No Park,0,0.345308496758181,0.901381982519783,0.90062202238858,2,50,19642,148286.855266764,74307,loo_tree_cover_1000m_coef_no_no_park_1000m_local_density_smoothed,builds/loo_models/loo_tree_cover_1000m_coef_no_no_park_1000m_local_density_smoothed.Rds,TRUE,TRUE,TRUE,TRUE,TRUE,FALSE,TRUE,TRUE,FALSE,Woody Cover Trend,smonths_extreme_drought_scaled
sfire_frequency_scaled,-0.13,0.01,-0.149599639845401,-0.110400360154599,negative,tree_cover_1000m_coef,No Park,0,0.345308496758181,0.901381982519783,0.90062202238858,2,50,19642,148286.855266764,74307,loo_tree_cover_1000m_coef_no_no_park_1000m_local_density_smoothed,builds/loo_models/loo_tree_cover_1000m_coef_no_no_park_1000m_local_density_smoothed.Rds,TRUE,TRUE,TRUE,TRUE,TRUE,FALSE,TRUE,TRUE,FALSE,Woody Cover Trend,sfire_frequency_scaled
sprec_coef_scaled,0.73,0.05,0.632001800772997,0.827998199227003,positive,tree_cover_1000m_coef,No Park,0,0.345308496758181,0.901381982519783,0.90062202238858,2,50,19642,148286.855266764,74307,loo_tree_cover_1000m_coef_no_no_park_1000m_local_density_smoothed,builds/loo_models/loo_tree_cover_1000m_coef_no_no_park_1000m_local_density_smoothed.Rds,TRUE,TRUE,TRUE,TRUE,TRUE,FALSE,TRUE,TRUE,FALSE,Woody Cover Trend,sprec_coef_scaled
(Intercept),0.687149649130677,0.0432188378034941,0.60244228358215,0.771857014679203,positive,tree_cover_1000m_coef,Sioma Ngwezi,3326,0.342097173136413,0.897876997287136,0.897146661850715,2,50,18911,140572.508731943,70981,loo_tree_cover_1000m_coef_no_sioma_ngwezi_1000m_local_density_smoothed,builds/loo_models/loo_tree_cover_1000m_coef_no_sioma_ngwezi_1000m_local_density_smoothed.Rds,TRUE,TRUE,TRUE,TRUE,TRUE,FALSE,TRUE,TRUE,FALSE,Woody Cover Trend,(Intercept)
slocal_density_km2_scaled,-0.15,0.02,-0.189199279690801,-0.110800720309199,negative,tree_cover_1000m_coef,Sioma Ngwezi,3326,0.342097173136413,0.897876997287136,0.897146661850715,2,50,18911,140572.508731943,70981,loo_tree_cover_1000m_coef_no_sioma_ngwezi_1000m_local_density_smoothed,builds/loo_models/loo_tree_cover_1000m_coef_no_sioma_ngwezi_1000m_local_density_smoothed.Rds,TRUE,TRUE,TRUE,TRUE,TRUE,FALSE,TRUE,TRUE,FALSE,Woody Cover Trend,slocal_density_km2_scaled
smonths_extreme_drought_scaled,0.18,0.03,0.121201080463798,0.238798919536202,positive,tree_cover_1000m_coef,Sioma Ngwezi,3326,0.342097173136413,0.897876997287136,0.897146661850715,2,50,18911,140572.508731943,70981,loo_tree_cover_1000m_coef_no_sioma_ngwezi_1000m_local_density_smoothed,builds/loo_models/loo_tree_cover_1000m_coef_no_sioma_ngwezi_1000m_local_density_smoothed.Rds,TRUE,TRUE,TRUE,TRUE,TRUE,FALSE,TRUE,TRUE,FALSE,Woody Cover Trend,smonths_extreme_drought_scaled
sfire_frequency_scaled,-0.1,0.01,-0.119599639845401,-0.0804003601545995,negative,tree_cover_1000m_coef,Sioma Ngwezi,3326,0.342097173136413,0.897876997287136,0.897146661850715,2,50,18911,140572.508731943,70981,loo_tree_cover_1000m_coef_no_sioma_ngwezi_1000m_local_density_smoothed,builds/loo_models/loo_tree_cover_1000m_coef_no_sioma_ngwezi_1000m_local_density_smoothed.Rds,TRUE,TRUE,TRUE,TRUE,TRUE,FALSE,TRUE,TRUE,FALSE,Woody Cover Trend,sfire_frequency_scaled
sprec_coef_scaled,0.7,0.05,0.602001800772997,0.797998199227003,positive,tree_cover_1000m_coef,Sioma Ngwezi,3326,0.342097173136413,0.897876997287136,0.897146661850715,2,50,18911,140572.508731943,70981,loo_tree_cover_1000m_coef_no_sioma_ngwezi_1000m_local_density_smoothed,builds/loo_models/loo_tree_cover_1000m_coef_no_sioma_ngwezi_1000m_local_density_smoothed.Rds,TRUE,TRUE,TRUE,TRUE,TRUE,FALSE,TRUE,TRUE,FALSE,Woody Cover Trend,sprec_coef_scaled
(Intercept),0.553452248552479,0.0447779701044559,0.465689039846935,0.641215457258024,positive,tree_cover_1000m_coef,South Luangwa,7769,0.394837267234954,0.905150516218757,0.904152073983437,2,50,18089,135012.689025205,66538,loo_tree_cover_1000m_coef_no_south_luangwa_1000m_local_density_smoothed,builds/loo_models/loo_tree_cover_1000m_coef_no_south_luangwa_1000m_local_density_smoothed.Rds,TRUE,TRUE,TRUE,TRUE,TRUE,FALSE,TRUE,TRUE,FALSE,Woody Cover Trend,(Intercept)
slocal_density_km2_scaled,-0.18,0.02,-0.219199279690801,-0.140800720309199,negative,tree_cover_1000m_coef,South Luangwa,7769,0.394837267234954,0.905150516218757,0.904152073983437,2,50,18089,135012.689025205,66538,loo_tree_cover_1000m_coef_no_south_luangwa_1000m_local_density_smoothed,builds/loo_models/loo_tree_cover_1000m_coef_no_south_luangwa_1000m_local_density_smoothed.Rds,TRUE,TRUE,TRUE,TRUE,TRUE,FALSE,TRUE,TRUE,FALSE,Woody Cover Trend,slocal_density_km2_scaled
smonths_extreme_drought_scaled,0.18,0.03,0.121201080463798,0.238798919536202,positive,tree_cover_1000m_coef,South Luangwa,7769,0.394837267234954,0.905150516218757,0.904152073983437,2,50,18089,135012.689025205,66538,loo_tree_cover_1000m_coef_no_south_luangwa_1000m_local_density_smoothed,builds/loo_models/loo_tree_cover_1000m_coef_no_south_luangwa_1000m_local_density_smoothed.Rds,TRUE,TRUE,TRUE,TRUE,TRUE,FALSE,TRUE,TRUE,FALSE,Woody Cover Trend,smonths_extreme_drought_scaled
sfire_frequency_scaled,-0.21,0.01,-0.229599639845401,-0.190400360154599,negative,tree_cover_1000m_coef,South Luangwa,7769,0.394837267234954,0.905150516218757,0.904152073983437,2,50,18089,135012.689025205,66538,loo_tree_cover_1000m_coef_no_south_luangwa_1000m_local_density_smoothed,builds/loo_models/loo_tree_cover_1000m_coef_no_south_luangwa_1000m_local_density_smoothed.Rds,TRUE,TRUE,TRUE,TRUE,TRUE,FALSE,TRUE,TRUE,FALSE,Woody Cover Trend,sfire_frequency_scaled
sprec_coef_scaled,0.79,0.05,0.692001800772997,0.887998199227003,positive,tree_cover_1000m_coef,South Luangwa,7769,0.394837267234954,0.905150516218757,0.904152073983437,2,50,18089,135012.689025205,66538,loo_tree_cover_1000m_coef_no_south_luangwa_1000m_local_density_smoothed,builds/loo_models/loo_tree_cover_1000m_coef_no_south_luangwa_1000m_local_density_smoothed.Rds,TRUE,TRUE,TRUE,TRUE,TRUE,FALSE,TRUE,TRUE,FALSE,Woody Cover Trend,sprec_coef_scaled
